Workbook

Sheet README
A1: This excel sheet contains the results of a 1D denitrification problem without the whole path (2 redox reactions only). The input and output files can be found in the folder "denit_2reacts_case1".
A3: The infiltration water is in equilibrium with atmospheric O2 & CO2 as well as with calcite
A5: We assume that the partial pressure of gases is constant
A6: We also assume that water has activity=1
A8: The domain is discretised by cells, who begin and end in the domain's boundary
A10: The initial water is in equilibrium with calcite
A12: This problem has been simulated with the code REMIX, and the results are shown in the sheet "results"
A14: the BCs are prescribed mass flux at the inlet, and zero dispersive flux at the outlet
A16: concentrations of aqueous species are expressed in molalities
A18: The equilibrium reaction rates are computed using ordinary least squares method with the concentrations of variable activity species
A20: the kinetic reaction rates are computed using Monod expressions
A22: both transport and reactions are solved using Euler fully implicit

Sheet transport
A1: Delta_x | B1: =$B$3/($E$6) -> 0.1 | C1: m | D1: theta_t | E1: 1 | G1: t_c | H1: =$B$6*$B$4/($B$5^2) -> 2.5 | I1: d | K1: T_{i,i-1} | L1: =$B$5/(2*$B$1)+$B$6/($B$1^2) -> 21 | M1: 1/d | O1: A_{i,i-1} | P1: =-$B$2*L1/$B$4 -> -0.42
A2: Delta_t | B2: 0.01 | C2: d | G2: L_c | H2: =$B$7 -> 1 | I2: m | K2: T_{i,i+1} | L2: =-$B$5/(2*$B$1)+$B$6/($B$1^2) -> 19 | O2: A_{i,i+1} | P2: =-$B$2*L2/$B$4 -> -0.38
A3: L | B3: 1 | C3: m | D3: Courant | E3: =B5*B2/(B4*B1) -> 0.04 | K3: T_{i,i} | L3: =-L2-L1 -> -40 | O3: A_{i,i} | P3: =1-$B$2*L3/$B$4 -> 1.8
A4: phi | B4: 0.5 | D4: Peclet grid | E4: =ABS(B5)*B1/B6 -> 0.1 | G4: q_inf | H4: =$B$5 -> 0.2 | I4: =C5 -> m/d | K4: T_{1,1} | L4: =-$B$5/(2*$B$1)-$B$6/($B$1^2) -> -21
A5: q | B5: 0.2 | C5: m/d | K5: T_{n,n} | L5: =-$L$1 -> -21
A6: D | B6: =$B$5*$B$7 -> 0.2 | C6: m^2/d | D6: num cells | E6: 10 | G6: transport approach | H6: Eulerian
A7: long disp | B7: 1 | C7: m
A8: initial target waters
A9: tar wat ind | B9: init wat type | C9: init min zone
A10: 1 | B10: 1 | D10: inflow
A11: 2 | B11: 2 | C11: 1 | D11: domain
A12: 3 | B12: 2 | C12: 1
A13: 4 | B13: 2 | C13: 1
A14: 5 | B14: 2 | C14: 1
A15: 6 | B15: 2 | C15: 1
A16: 7 | B16: 2 | C16: 1
A17: 8 | B17: 2 | C17: 1
A18: 9 | B18: 2 | C18: 1
A19: 10 | B19: 2 | C19: 1
A20: 11 | B20: 2 | C20: 1
A21: 12 | B21: 2 | D21: outflow
A22: BC inflow
A28: BC outflow

Sheet lambdas
A1: sum | B1: lambdas | C1: inf | D1: 1 | E1: 2 | F1: 3 | G1: 4 | H1: 5 | I1: 6 | J1: 7 | K1: 8 | L1: 9 | M1: 10 | N1: out
A2: =SUM(C2:N2) -> 1 | B2: 1 | C2: 0.030155137 | D2: 0.75387844 | E2: 0.16787472 | F2: 0.037382579 | G2: 0.0083244056 | H2: 0.0018536906 | I2: 0.00041278321 | J2: 9.1922237e-05 | K2: 2.0481924e-05 | L2: 4.6119372e-06 | M2: 1.2341804e-06 | N2: 0
A3: =SUM(C3:N3) -> 1 | B3: 2 | C3: 0.0074218296 | D3: 0.18554574 | E3: 0.62732131 | F3: 0.1396928 | G3: 0.03110699 | H3: 0.0069269491 | I3: 0.0015425057 | J3: 0.00034349888 | K3: 7.6537717e-05 | L3: 1.7234081e-05 | M3: 4.6119372e-06 | N3: 0
A4: =SUM(C4:N4) -> 1 | B4: 3 | C4: 0.0018266723 | D4: 0.045666807 | E4: 0.1543973 | F4: 0.62038513 | G4: 0.13814824 | H4: 0.030763048 | I4: 0.0068503717 | J4: 0.0015255017 | K4: 0.00033990916 | L4: 7.6537717e-05 | M4: 2.0481924e-05 | N4: 0
A5: =SUM(C5:N5) -> 1 | B5: 4 | C5: 0.00044958344 | D5: 0.011239586 | E5: 0.038000505 | F5: 0.15269016 | G5: 0.62000498 | H5: 0.1380636 | I5: 0.030744254 | J5: 0.0068464041 | K5: 0.0015255017 | L5: 0.00034349888 | M5: 9.1922237e-05 | N5: 0
A6: =SUM(C6:N6) -> 1 | B6: 5 | C6: 0.00011065219 | D6: 0.0027663048 | E6: 0.0093527447 | F6: 0.037580344 | G6: 0.15259661 | H6: 0.61998421 | I6: 0.13805922 | J6: 0.030744254 | K6: 0.0068503717 | L6: 0.0015425057 | M6: 0.00041278321 | N6: 0
A7: =SUM(C7:N7) -> 1 | B7: 6 | C7: 2.723394e-05 | D7: 0.0006808485 | E7: 0.0023019164 | F7: 0.0092493501 | G7: 0.037557386 | H7: 0.15259176 | I7: 0.61998421 | J7: 0.1380636 | K7: 0.030763048 | L7: 0.0069269491 | M7: 0.0018536906 | N7: 0
A8: =SUM(C8:N8) -> 1 | B8: 7 | C8: 6.7030852e-06 | D8: 0.00016757713 | E8: 0.00056657029 | F8: 0.002276541 | G8: 0.0092439931 | H8: 0.037557386 | I8: 0.15259661 | J8: 0.62000498 | K8: 0.13814824 | L8: 0.03110699 | M8: 0.0083244056 | N8: 0
A9: =SUM(C9:N9) -> 1 | B9: 8 | C9: 1.6507853e-06 | D9: 4.1269633e-05 | E9: 0.00013953067 | F9: 0.00056064937 | G9: 0.002276541 | H9: 0.0092493501 | I9: 0.037580344 | J9: 0.15269016 | K9: 0.62038513 | L9: 0.1396928 | M9: 0.037382579 | N9: 0
A10: =SUM(C10:N10) -> 1 | B10: 9 | C10: 4.1083641e-07 | D10: 1.027091e-05 | E10: 3.4725459e-05 | F10: 0.00013953067 | G10: 0.00056657029 | H10: 0.0023019164 | I10: 0.0093527447 | J10: 0.038000505 | K10: 0.1543973 | L10: 0.62732131 | M10: 0.16787472 | N10: 0
A11: =SUM(C11:N11) -> 1 | B11: 10 | C11: 1.2151499e-07 | D11: 3.0378749e-06 | E11: 1.027091e-05 | F11: 4.1269633e-05 | G11: 0.00016757713 | H11: 0.0006808485 | I11: 0.0027663048 | J11: 0.011239586 | K11: 0.045666807 | L11: 0.18554574 | M11: 0.75387844 | N11: 0

Sheet chem
A1: theta_r | B1: 1 | E1: ='wat types'!$A$3 -> cl- | F1: ='wat types'!$A$4 -> ch2o(aq) | G1: ='wat types'!$A$5 -> h+ | H1: ='wat types'!$A$6 -> no3- | I1: ='wat types'!$A$7 -> n2(aq)(p) | J1: ='wat types'!$A$8 -> ca+2 | K1: ='wat types'!$A$9 -> hco3- | L1: ='wat types'!$A$10 -> o2(aq) | M1: ='wat types'!$A$11 -> co3-2 | N1: =L30 -> h2o
D2: S_K | E2: 0 | F2: -1 | G2: 1 | H2: 0 | I2: 0 | J2: 0 | K2: 1 | L2: -1 | M2: 0 | N2: 0
A3: aqueous species | B3: ='wat types'!$A$2 -> h2o(p) | E3: 0 | F3: -1 | G3: 0.2 | H3: -0.8 | I3: 0.4 | J3: 0 | K3: 1 | L3: 0 | M3: 0 | N3: 0.4
B4: ='wat types'!$A$3 -> cl-
B5: ='wat types'!$A$4 -> ch2o(aq) | D5: mu_1 | E5: 0.5 | F5: K_DOC | G5: 0.001 | H5: K_O2 | I5: 1e-05
B6: ='wat types'!$A$5 -> h+ | D6: mu_2 | E6: 2 | F6: K_DOC | G6: 0.0014 | H6: K_NO3 | I6: 0.0059 | J6: I_O2 | K6: 2.52e-05
B7: ='wat types'!$A$6 -> no3-
B8: ='wat types'!$A$7 -> n2(aq)(p)
B9: ='wat types'!$A$8 -> ca+2
B10: ='wat types'!$A$9 -> hco3-
B11: ='wat types'!$A$10 -> o2(aq)
B12: ='wat types'!$A$11 -> co3-2
A14: minerals | B14: calcite
C15: part press
A16: gases | B16: co2(g) | C16: 0.00035
B17: o2(g) | C17: 0.2
A19: act coeffs model | B19: ideal
G20: K | H20: K master25
A21: equilibrium reactions | B21: calcite | G21: =1/H21 -> 0.014167721 | H21: =10^(1.8487) -> 70.582982
B22: co2(g) | G22: =1/(H22*C16) -> 1.8600814e+11 | H22: =10^(-7.8136) -> 1.5360311e-08
B23: o2(g) | G23: =1/(H23*C17) -> 3953.3931 | H23: =10^(-2.898) -> 0.0012647363
B24: co3-2 | G24: =1/H24 -> 4.6902933e-11 | H24: =10^(10.3288) -> 2.1320628e+10
A26: kinetic reactions | B26: aerobic oxidation of DOC
B27: denitrification
A29: reactive zone domain
C30: ='wat types'!$A$3 -> cl- | D30: ='wat types'!$A$4 -> ch2o(aq) | E30: ='wat types'!$A$5 -> h+ | F30: ='wat types'!$A$6 -> no3- | G30: ='wat types'!$A$7 -> n2(aq)(p) | H30: ='wat types'!$A$8 -> ca+2 | I30: =$B$11 -> o2(aq) | J30: =$B$10 -> hco3- | K30: ='wat types'!$A$11 -> co3-2 | L30: h2o | M30: calcite | N30: K
B31: S_e | C31: 0 | D31: 0 | E31: 1 | F31: 0 | G31: 0 | H31: -1 | I31: 0 | J31: -1 | K31: 0 | L31: 0 | M31: 1 | N31: =1/H21 -> 0.014167721
C32: 0 | D32: 0 | E32: 1 | F32: 0 | G32: 0 | H32: 0 | I32: 0 | J32: -1 | K32: 1 | L32: 0 | M32: 0 | N32: =1/H24 -> 4.6902933e-11
B34: U | C34: 1 | D34: 0 | E34: 0 | F34: 0 | G34: 0 | H34: 0 | I34: 0 | J34: 0 | K34: 0
C35: 0 | D35: 1 | E35: 0 | F35: 0 | G35: 0 | H35: 0 | I35: 0 | J35: 0 | K35: 0
C36: 0 | D36: 0 | E36: 1 | F36: 0 | G36: 0 | H36: 0 | I36: 0 | J36: 1 | K36: 0
C37: 0 | D37: 0 | E37: 0 | F37: 1 | G37: 0 | H37: 0 | I37: 0 | J37: 0 | K37: 0
C38: 0 | D38: 0 | E38: 0 | F38: 0 | G38: 1 | H38: 0 | I38: 0 | J38: 0 | K38: 0
C39: 0 | D39: 0 | E39: 0 | F39: 0 | G39: 0 | H39: 1 | I39: 0 | J39: -1 | K39: -1
C40: 0 | D40: 0 | E40: 0 | F40: 0 | G40: 0 | H40: 0 | I40: 1 | J40: 0 | K40: 0
B42: eq reactions | C42: calcite
C43: co3-2
B45: prim species | C45: ='wat types'!$A$3 -> cl-
C46: ='wat types'!$A$4 -> ch2o(aq)
C47: ='wat types'!$A$5 -> h+
C48: ='wat types'!$A$6 -> no3-
C49: ='wat types'!$A$7 -> n2(aq)(p)
C50: ='wat types'!$A$8 -> ca+2
C51: =$B$11 -> o2(aq)

Sheet wat types
A1: aq species conc | B1: infiltration water | C1: initial water
A2: h2o(p) | B2: 55.5556 | C2: 55.5556
A3: cl- | B3: 0.001 | C3: 1e-16
A4: ch2o(aq) | B4: 0.002 | C4: 1e-05
A5: h+ | B5: 1e-08 | C5: 1e-07
A6: no3- | B6: 0.001 | C6: 1e-05
A7: n2(aq)(p) | B7: 1e-16 | C7: 1e-16
A8: ca+2 | B8: 0.0013129 | C8: 0.0070583
A9: hco3- | B9: 0.000537611 | C9: 0.001
A10: o2(aq) | B10: 0.000252947 | C10: 1e-06
A11: co3-2 | B11: 2.52155e-06 | C11: 4.69029e-07
A12: err abs
A13: calcite | B13: =ABS(1-B8*B9/(B5*chem!$H$21)) -> 4.7314496e-07 | C13: =ABS(1-C8*C9/(C5*chem!$H$21)) -> 2.6088467e-07
A14: co2(g) | B14: =ABS(1-B5*B9/(chem!$C$16*chem!$H$22)) -> 2.3449161e-07
A15: o2(g) | B15: =ABS(1-B10/(chem!$C$17*chem!$H$23)) -> 1.0654166e-06

Sheet results
A1: cell | B1: 1 | C1: 2 | D1: 3 | E1: 4 | F1: 5 | G1: 6 | H1: 7 | I1: 8 | J1: 9 | K1: 10
A2: x | B2: =transport!$B$1*(B$1-0.5) -> 0.05 | C2: =transport!$B$1*(C$1-0.5) -> 0.15 | D2: =transport!$B$1*(D$1-0.5) -> 0.25 | E2: =transport!$B$1*(E$1-0.5) -> 0.35 | F2: =transport!$B$1*(F$1-0.5) -> 0.45 | G2: =transport!$B$1*(G$1-0.5) -> 0.55 | H2: =transport!$B$1*(H$1-0.5) -> 0.65 | I2: =transport!$B$1*(I$1-0.5) -> 0.75 | ... K2: =transport!$B$1*(K$1-0.5) -> 0.95
A5: aq species conc | B5: t=0
A6: ='wat types'!$A$2 -> h2o(p) | B6: 55.5556 | C6: 55.5556 | D6: 55.5556 | E6: 55.5556 | F6: 55.5556 | G6: 55.5556 | H6: 55.5556 | I6: 55.5556 | J6: 55.5556 | K6: 55.5556
A7: ='wat types'!$A$3 -> cl- | B7: 1e-16 | C7: 1e-16 | D7: 1e-16 | E7: 1e-16 | F7: 1e-16 | G7: 1e-16 | H7: 1e-16 | I7: 1e-16 | J7: 1e-16 | K7: 1e-16
A8: ='wat types'!$A$4 -> ch2o(aq) | B8: 1e-05 | C8: 1e-05 | D8: 1e-05 | E8: 1e-05 | F8: 1e-05 | G8: 1e-05 | H8: 1e-05 | I8: 1e-05 | J8: 1e-05 | K8: 1e-05
A9: ='wat types'!$A$5 -> h+ | B9: 1e-07 | C9: 1e-07 | D9: 1e-07 | E9: 1e-07 | F9: 1e-07 | G9: 1e-07 | H9: 1e-07 | I9: 1e-07 | J9: 1e-07 | K9: 1e-07
A10: ='wat types'!$A$6 -> no3- | B10: 1e-05 | C10: 1e-05 | D10: 1e-05 | E10: 1e-05 | F10: 1e-05 | G10: 1e-05 | H10: 1e-05 | I10: 1e-05 | J10: 1e-05 | K10: 1e-05
A11: ='wat types'!$A$7 -> n2(aq)(p) | B11: 1e-16 | C11: 1e-16 | D11: 1e-16 | E11: 1e-16 | F11: 1e-16 | G11: 1e-16 | H11: 1e-16 | I11: 1e-16 | J11: 1e-16 | K11: 1e-16
A12: ='wat types'!$A$8 -> ca+2 | B12: 0.0070583 | C12: 0.0070583 | D12: 0.0070583 | E12: 0.0070583 | F12: 0.0070583 | G12: 0.0070583 | H12: 0.0070583 | I12: 0.0070583 | J12: 0.0070583 | K12: 0.0070583
A13: ='wat types'!$A$9 -> hco3- | B13: 0.001 | C13: 0.001 | D13: 0.001 | E13: 0.001 | F13: 0.001 | G13: 0.001 | H13: 0.001 | I13: 0.001 | J13: 0.001 | K13: 0.001
A14: ='wat types'!$A$10 -> o2(aq) | B14: 1e-06 | C14: 1e-06 | D14: 1e-06 | E14: 1e-06 | F14: 1e-06 | G14: 1e-06 | H14: 1e-06 | I14: 1e-06 | J14: 1e-06 | K14: 1e-06
A15: ='wat types'!$A$11 -> co3-2 | B15: 4.69029e-07 | C15: 4.69029e-07 | D15: 4.69029e-07 | E15: 4.69029e-07 | F15: 4.69029e-07 | G15: 4.69029e-07 | H15: 4.69029e-07 | I15: 4.69029e-07 | J15: 4.69029e-07 | K15: 4.69029e-07
A16: vol frac
A17: calcite | B17: 0.5 | C17: 0.5 | D17: 0.5 | E17: 0.5 | F17: 0.5 | G17: 0.5 | H17: 0.5 | I17: 0.5 | J17: 0.5 | K17: 0.5
A18: aq species conc | B18: t=0.01d | L18: error abs
A19: ='wat types'!$A$2 -> h2o(p) | B19: 55.5556 | C19: 55.5556 | D19: 55.5556 | E19: 55.5556 | F19: 55.5556 | G19: 55.5556 | H19: 55.5556 | I19: 55.5556 | J19: 55.5556 | K19: 55.5556
A20: ='wat types'!$A$3 -> cl- | B20: 3.01551e-05 | C20: 7.42183e-06 | D20: 1.82667e-06 | E20: 4.49583e-07 | F20: 1.10652e-07 | G20: 2.72339e-08 | H20: 6.70309e-09 | I20: 1.65079e-09 | J20: 4.10837e-10 | K20: 1.21515e-10 | L20: =ABS(B20-SUMPRODUCT($B$7:$K$7,lambdas!$D$2:$M$2)-'wat types'!$B$3*lambdas!$C$2) -> 3.748921e-11 | M20: =ABS(C20-SUMPRODUCT($B$7:$K$7,lambdas!$D$3:$M$3)-'wat types'!$B$3*lambdas!$C$3) -> 4.3532049e-13 | N20: =ABS(D20-SUMPRODUCT($B$7:$K$7,lambdas!$D$4:$M$4)-'wat types'!$B$3*lambdas!$C$4) -> 2.2917234e-12 | O20: =ABS(E20-SUMPRODUCT($B$7:$K$7,lambdas!$D$5:$M$5)-'wat types'!$B$3*lambdas!$C$5) -> 4.4167585e-13 | P20: =ABS(F20-SUMPRODUCT($B$7:$K$7,lambdas!$D$6:$M$6)-'wat types'!$B$3*lambdas!$C$6) -> 1.9050707e-13 | Q20: =ABS(G20-SUMPRODUCT($B$7:$K$7,lambdas!$D$7:$M$7)-'wat types'!$B$3*lambdas!$C$7) -> 4.0286502e-14
A21: ='wat types'!$A$4 -> ch2o(aq) | B21: 5.71576e-05 | C21: 2.13267e-05 | D21: 1.20588e-05 | E21: 9.73799e-06 | F21: 9.16371e-06 | G21: 9.02216e-06 | H21: 8.98731e-06 | I21: 8.97873e-06 | J21: 8.97663e-06 | K21: 8.97614e-06
A22: ='wat types'!$A$5 -> h+ | B22: 9.84654e-08 | C22: 9.97123e-08 | D22: 1.00074e-07 | E22: 1.00169e-07 | F22: 1.00192e-07 | G22: 1.00198e-07 | H22: 1.002e-07 | I22: 1.002e-07 | J22: 1.002e-07 | K22: 1.002e-07
A23: ='wat types'!$A$6 -> no3- | B23: 3.61901e-05 | C23: 1.66825e-05 | D23: 1.15443e-05 | E23: 1.02549e-05 | F23: 9.93594e-06 | G23: 9.85734e-06 | H23: 9.83799e-06 | I23: 9.83323e-06 | J23: 9.83206e-06 | K23: 9.83179e-06
A24: ='wat types'!$A$7 -> n2(aq)(p) | B24: 1.83174e-06 | C24: 3.32534e-07 | D24: 1.3205e-07 | E24: 9.51071e-08 | F24: 8.68047e-08 | G24: 8.48097e-08 | H24: 8.43216e-08 | I24: 8.42017e-08 | J24: 8.41723e-08 | K24: 8.41654e-08
A25: ='wat types'!$A$8 -> ca+2 | B25: 0.00689418 | C25: 0.00701842 | D25: 0.00704911 | E25: 0.00705668 | F25: 0.00705854 | G25: 0.007059 | H25: 0.00705912 | I25: 0.00705914 | J25: 0.00705915 | K25: 0.00705915
A26: ='wat types'!$A$9 -> hco3- | B26: 0.00100809 | C26: 0.00100279 | D26: 0.00100204 | E26: 0.00100192 | F26: 0.00100189 | G26: 0.00100188 | H26: 0.00100188 | I26: 0.00100188 | J26: 0.00100188 | K26: 0.00100188
A27: ='wat types'!$A$10 -> o2(aq) | B27: 3.25771e-07 | C27: 2.58503e-07 | D27: 2.14045e-07 | E27: 1.94357e-07 | F27: 1.88401e-07 | G27: 1.8685e-07 | H27: 1.86462e-07 | I27: 1.86366e-07 | J27: 1.86343e-07 | K27: 1.86337e-07
A28: ='wat types'!$A$11 -> co3-2 | B28: 4.80195e-07 | C28: 4.71694e-07 | D28: 4.69641e-07 | E28: 4.69137e-07 | F28: 4.69013e-07 | G28: 4.68982e-07 | H28: 4.68975e-07 | I28: 4.68973e-07 | J28: 4.68973e-07 | K28: 4.68973e-07
A29: r_eq
A30: calcite | B30: -0.00311993 | C30: -0.000888482 | D30: -0.000413888 | E30: -0.000304241 | F30: -0.000277871 | G30: -0.000271424 | H30: -0.000269839 | I30: -0.00026945 | J30: -0.000269354 | K30: -0.000269332 | L30: =ABS(1-B25*B26/(B22*chem!$H$21)) -> 3.971069e-06 | M30: =ABS(1-C25*C26/(C22*chem!$H$21)) -> 1.4147508e-06 | N30: =ABS(1-D25*D26/(D22*chem!$H$21)) -> 4.4050034e-06 | O30: =ABS(1-E25*E26/(E22*chem!$H$21)) -> 3.0311811e-07 | P30: =ABS(1-F25*F26/(F22*chem!$H$21)) -> 4.3198791e-06 | Q30: =ABS(1-G25*G26/(G22*chem!$H$21)) -> 3.773825e-07 | R30: =ABS(1-H25*H26/(H22*chem!$H$21)) -> 3.3382255e-06 | S30: =ABS(1-I25*I26/(I22*chem!$H$21)) -> 5.0502064e-07 | ... U30: =ABS(1-K25*K26/(K22*chem!$H$21)) -> 9.115818e-07
A31: co3-2 | B31: -5.23061e-06 | C31: -1.26626e-06 | D31: -3.14381e-07 | E31: -8.15632e-08 | F31: -2.43536e-08 | G31: -1.02787e-08 | H31: -6.81495e-09 | I31: -5.9626e-09 | J31: -5.75341e-09 | K31: -5.7046e-09 | L31: =ABS(1-B22*B28/(B26*chem!$N$32)) -> 4.5510767e-06 | M31: =ABS(1-C22*C28/(C26*chem!$N$32)) -> 2.0918368e-06 | N31: =ABS(1-D22*D28/(D26*chem!$N$32)) -> 5.0769669e-06 | O31: =ABS(1-E22*E28/(E26*chem!$N$32)) -> 4.9340293e-08 | P31: =ABS(1-F22*F28/(F26*chem!$N$32)) -> 4.8708229e-06 | Q31: =ABS(1-G22*G28/(G26*chem!$N$32)) -> 1.1048544e-06 | R31: =ABS(1-H22*H28/(H26*chem!$N$32)) -> 3.9293744e-06 | S31: =ABS(1-I22*I28/(I26*chem!$N$32)) -> 3.3526201e-07 | ... U31: =ABS(1-K22*K28/(K26*chem!$N$32)) -> 3.3526201e-07
A32: rk
A33: oxid aer | B33: 0.000852892 | C33: 0.000263093 | D33: 0.000124846 | E33: 9.19328e-05 | F33: 8.3957e-05 | G33: 8.20034e-05 | H33: 8.15232e-05 | I33: 8.14051e-05 | J33: 8.13761e-05 | K33: 8.13693e-05 | L33: =ABS(B33-chem!$E$5*B21*B27/((chem!$G$5+B21)*(chem!$I$5+B27))) -> 2.8235413e-10 | M33: =ABS(C33-chem!$E$5*C21*C27/((chem!$G$5+C21)*(chem!$I$5+C27))) -> 7.7735229e-10 | N33: =ABS(D33-chem!$E$5*D21*D27/((chem!$G$5+D21)*(chem!$I$5+D27))) -> 2.9875018e-10 | O33: =ABS(E33-chem!$E$5*E21*E27/((chem!$G$5+E21)*(chem!$I$5+E27))) -> 1.0441802e-10 | P33: =ABS(F33-chem!$E$5*F21*F27/((chem!$G$5+F21)*(chem!$I$5+F27))) -> 4.1479248e-12 | Q33: =ABS(G33-chem!$E$5*G21*G27/((chem!$G$5+G21)*(chem!$I$5+G27))) -> 2.183334e-10 | R33: =ABS(H33-chem!$E$5*H21*H27/((chem!$G$5+H21)*(chem!$I$5+H27))) -> 4.2705166e-11 | S33: =ABS(I33-chem!$E$5*I21*I27/((chem!$G$5+I21)*(chem!$I$5+I27))) -> 2.4392389e-10 | ... U33: =ABS(K33-chem!$E$5*K21*K27/((chem!$G$5+K21)*(chem!$I$5+K27))) -> 1.4898001e-10
A34: denit | B34: 0.000472173 | C34: 8.37551e-05 | D34: 3.3073e-05 | E34: 2.37875e-05 | F34: 2.17036e-05 | G34: 2.1203e-05 | H34: 2.10805e-05 | I34: 2.10505e-05 | J34: 2.10431e-05 | K34: 2.10414e-05 | L34: =ABS(B34-chem!$E$6*results!B21*results!B23*chem!$K$6/((chem!$G$6+results!B21)*(chem!$I$6+results!B23)*(chem!$K$6+results!B27))) -> 4.3263508e-11 | M34: =ABS(C34-chem!$E$6*results!C21*results!C23*chem!$K$6/((chem!$G$6+results!C21)*(chem!$I$6+results!C23)*(chem!$K$6+results!C27))) -> 1.8781702e-10 | N34: =ABS(D34-chem!$E$6*results!D21*results!D23*chem!$K$6/((chem!$G$6+results!D21)*(chem!$I$6+results!D23)*(chem!$K$6+results!D27))) -> 8.5086173e-11 | O34: =ABS(E34-chem!$E$6*results!E21*results!E23*chem!$K$6/((chem!$G$6+results!E21)*(chem!$I$6+results!E23)*(chem!$K$6+results!E27))) -> 3.578249e-11 | P34: =ABS(F34-chem!$E$6*results!F21*results!F23*chem!$K$6/((chem!$G$6+results!F21)*(chem!$I$6+results!F23)*(chem!$K$6+results!F27))) -> 2.5795169e-11 | Q34: =ABS(G34-chem!$E$6*results!G21*results!G23*chem!$K$6/((chem!$G$6+results!G21)*(chem!$I$6+results!G23)*(chem!$K$6+results!G27))) -> 7.495063e-12 | R34: =ABS(H34-chem!$E$6*results!H21*results!H23*chem!$K$6/((chem!$G$6+results!H21)*(chem!$I$6+results!H23)*(chem!$K$6+results!H27))) -> 4.3263516e-11 | S34: =ABS(I34-chem!$E$6*results!I21*results!I23*chem!$K$6/((chem!$G$6+results!I21)*(chem!$I$6+results!I23)*(chem!$K$6+results!I27))) -> 4.6998569e-11 | ... U34: =ABS(K34-chem!$E$6*results!K21*results!K23*chem!$K$6/((chem!$G$6+results!K21)*(chem!$I$6+results!K23)*(chem!$K$6+results!K27))) -> 3.3145677e-11
A35: aq species conc | B35: t=0.02d | L35: error abs
A36: ='wat types'!$A$2 -> h2o(p) | B36: 55.5556 | C36: 55.5556 | D36: 55.5556 | E36: 55.5556 | F36: 55.5556 | G36: 55.5556 | H36: 55.5556 | I36: 55.5556 | J36: 55.5556 | K36: 55.5556
A37: ='wat types'!$A$3 -> cl- | B37: 5.42066e-05 | C37: 1.79428e-05 | D37: 5.54862e-06 | E37: 1.64437e-06 | F37: 4.73317e-07 | G37: 1.33379e-07 | H37: 3.69852e-08 | I37: 1.01349e-08 | J37: 2.78503e-09 | K37: 9.09315e-10 | L37: =ABS(B37-SUMPRODUCT($B$20:$K$20,lambdas!$D$2:$M$2)-'wat types'!$B$3*lambdas!$C$2) -> 8.6935213e-14 | M37: =ABS(C37-SUMPRODUCT($B$20:$K$20,lambdas!$D$3:$M$3)-'wat types'!$B$3*lambdas!$C$3) -> 2.0727769e-11 | N37: =ABS(D37-SUMPRODUCT($B$20:$K$20,lambdas!$D$4:$M$4)-'wat types'!$B$3*lambdas!$C$4) -> 6.6711527e-13 | O37: =ABS(E37-SUMPRODUCT($B$20:$K$20,lambdas!$D$5:$M$5)-'wat types'!$B$3*lambdas!$C$5) -> 1.3328165e-12 | P37: =ABS(F37-SUMPRODUCT($B$20:$K$20,lambdas!$D$6:$M$6)-'wat types'!$B$3*lambdas!$C$6) -> 5.5575785e-14 | Q37: =ABS(G37-SUMPRODUCT($B$20:$K$20,lambdas!$D$7:$M$7)-'wat types'!$B$3*lambdas!$C$7) -> 4.215281e-13
A38: ='wat types'!$A$4 -> ch2o(aq) | B38: 8.95782e-05 | C38: 3.67492e-05 | D38: 1.75267e-05 | E38: 1.12862e-05 | F38: 9.39297e-06 | G38: 8.84146e-06 | H38: 8.68494e-06 | I38: 8.64134e-06 | J38: 8.62941e-06 | K38: 8.62636e-06
A39: ='wat types'!$A$5 -> h+ | B39: 9.77903e-08 | C39: 9.92938e-08 | D39: 9.99344e-08 | E39: 1.00158e-07 | F39: 1.00228e-07 | G39: 1.00249e-07 | H39: 1.00255e-07 | I39: 1.00256e-07 | J39: 1.00257e-07 | K39: 1.00257e-07
A40: ='wat types'!$A$6 -> no3- | B40: 5.25978e-05 | C40: 2.49213e-05 | D40: 1.45421e-05 | E40: 1.11321e-05 | F40: 1.00937e-05 | G40: 9.79073e-06 | H40: 9.70464e-06 | I40: 9.68064e-06 | J40: 9.67406e-06 | K40: 9.67239e-06
A41: ='wat types'!$A$7 -> n2(aq)(p) | B41: 5.53338e-06 | C41: 1.42103e-06 | D41: 4.75536e-07 | E41: 2.4789e-07 | F41: 1.87421e-07 | G41: 1.70657e-07 | H41: 1.65988e-07 | I41: 1.64698e-07 | J41: 1.64347e-07 | K41: 1.64258e-07
A42: ='wat types'!$A$8 -> ca+2 | B42: 0.00676399 | C42: 0.00696129 | D42: 0.00702897 | E42: 0.00705034 | F42: 0.00705675 | G42: 0.00705861 | H42: 0.00705914 | I42: 0.00705929 | J42: 0.00705933 | K42: 0.00705934
A43: ='wat types'!$A$9 -> hco3- | B43: 0.00102045 | C43: 0.00100677 | D43: 0.00100351 | E43: 0.00100272 | F43: 0.0010025 | G43: 0.00100244 | H43: 0.00100243 | I43: 0.00100242 | J43: 0.00100242 | K43: 0.00100242
A44: ='wat types'!$A$10 -> o2(aq) | B44: 1.97702e-07 | C44: 1.16237e-07 | D44: 7.17243e-08 | E44: 4.78992e-08 | F44: 3.88669e-08 | G44: 3.6282e-08 | H44: 3.56292e-08 | I44: 3.54712e-08 | J44: 3.54336e-08 | K44: 3.54251e-08
A45: ='wat types'!$A$11 -> co3-2 | B45: 4.89437e-07 | C45: 4.75565e-07 | D45: 4.70986e-07 | E45: 4.69559e-07 | F45: 4.69132e-07 | G45: 4.69008e-07 | H45: 4.68973e-07 | I45: 4.68963e-07 | J45: 4.68961e-07 | K45: 4.6896e-07
A46: r_eq
A47: calcite | B47: -0.0036508 | C47: -0.000866649 | D47: -0.000256424 | E47: -0.000115794 | F47: -8.12907e-05 | G47: -7.24287e-05 | H47: -7.01086e-05 | I47: -6.94992e-05 | J47: -6.93399e-05 | K47: -6.93007e-05 | L47: =ABS(1-B42*B43/(B39*chem!$H$21)) -> 2.5134535e-06 | M47: =ABS(1-C42*C43/(C39*chem!$H$21)) -> 4.9260093e-06 | N47: =ABS(1-D42*D43/(D39*chem!$H$21)) -> 3.7186761e-06 | O47: =ABS(1-E42*E43/(E39*chem!$H$21)) -> 9.4286131e-06 | P47: =ABS(1-F42*F43/(F39*chem!$H$21)) -> 1.1260335e-07 | Q47: =ABS(1-G42*G43/(G39*chem!$H$21)) -> 5.6971926e-06 | R47: =ABS(1-H42*H43/(H39*chem!$H$21)) -> 4.3931208e-07 | S47: =ABS(1-I42*I43/(I39*chem!$H$21)) -> 8.5918599e-07 | ... U47: =ABS(1-K42*K43/(K39*chem!$H$21)) -> 2.0323877e-06
A48: co3-2 | B48: -5.1941e-06 | C48: -1.26232e-06 | D48: -3.11263e-07 | E48: -7.7612e-08 | F48: -2.00736e-08 | G48: -5.90033e-09 | H48: -2.40907e-09 | I48: -1.54924e-09 | J48: -1.33805e-09 | K48: -1.28874e-09 | L48: =ABS(1-B39*B45/(B43*chem!$N$32)) -> 1.9481786e-06 | M48: =ABS(1-C39*C45/(C43*chem!$N$32)) -> 4.030055e-06 | N48: =ABS(1-D39*D45/(D43*chem!$N$32)) -> 2.9995931e-06 | O48: =ABS(1-E39*E45/(E43*chem!$N$32)) -> 8.8983924e-06 | P48: =ABS(1-F39*F45/(F43*chem!$N$32)) -> 5.9711998e-07 | Q48: =ABS(1-G39*G45/(G43*chem!$N$32)) -> 4.4025272e-06 | R48: =ABS(1-H39*H45/(H43*chem!$N$32)) -> 4.0097058e-07 | S48: =ABS(1-I39*I45/(I43*chem!$N$32)) -> 1.7740618e-06 | ... U48: =ABS(1-K39*K45/(K43*chem!$N$32)) -> 1.8032402e-06
A49: rk
A50: oxid aer | B50: 0.000796933 | C50: 0.000203644 | D50: 6.13319e-05 | E50: 2.66009e-05 | F50: 1.80139e-05 | G50: 1.58413e-05 | H50: 1.52842e-05 | I50: 1.51409e-05 | J50: 1.51042e-05 | K50: 1.50953e-05 | L50: =ABS(B50-chem!$E$5*B38*B44/((chem!$G$5+B38)*(chem!$I$5+B44))) -> 1.5883185e-09 | M50: =ABS(C50-chem!$E$5*C38*C44/((chem!$G$5+C38)*(chem!$I$5+C44))) -> 9.5512957e-10 | N50: =ABS(D50-chem!$E$5*D38*D44/((chem!$G$5+D38)*(chem!$I$5+D44))) -> 5.8444782e-11 | O50: =ABS(E50-chem!$E$5*E38*E44/((chem!$G$5+E38)*(chem!$I$5+E44))) -> 1.9925565e-11 | P50: =ABS(F50-chem!$E$5*F38*F44/((chem!$G$5+F38)*(chem!$I$5+F44))) -> 5.1058049e-12 | Q50: =ABS(G50-chem!$E$5*G38*G44/((chem!$G$5+G38)*(chem!$I$5+G44))) -> 5.0573196e-11 | R50: =ABS(H50-chem!$E$5*H38*H44/((chem!$G$5+H38)*(chem!$I$5+H44))) -> 1.5017393e-12 | S50: =ABS(I50-chem!$E$5*I38*I44/((chem!$G$5+I38)*(chem!$I$5+I44))) -> 2.6298148e-11 | ... U50: =ABS(K50-chem!$E$5*K38*K44/((chem!$G$5+K38)*(chem!$I$5+K44))) -> 2.8889288e-11
A51: denit | B51: 0.00105448 | C51: 0.000214184 | D51: 6.06274e-05 | E51: 3.00639e-05 | F51: 2.27295e-05 | G51: 2.0764e-05 | H51: 2.02201e-05 | I51: 2.00696e-05 | J51: 2.00285e-05 | K51: 2.00181e-05 | L51: =ABS(B51-chem!$E$6*results!B38*results!B40*chem!$K$6/((chem!$G$6+results!B38)*(chem!$I$6+results!B40)*(chem!$K$6+results!B44))) -> 5.2694184e-09 | M51: =ABS(C51-chem!$E$6*results!C38*results!C40*chem!$K$6/((chem!$G$6+results!C38)*(chem!$I$6+results!C40)*(chem!$K$6+results!C44))) -> 3.0023382e-10 | N51: =ABS(D51-chem!$E$6*results!D38*results!D40*chem!$K$6/((chem!$G$6+results!D38)*(chem!$I$6+results!D40)*(chem!$K$6+results!D44))) -> 2.2642405e-10 | O51: =ABS(E51-chem!$E$6*results!E38*results!E40*chem!$K$6/((chem!$G$6+results!E38)*(chem!$I$6+results!E40)*(chem!$K$6+results!E44))) -> 6.5639762e-11 | P51: =ABS(F51-chem!$E$6*results!F38*results!F40*chem!$K$6/((chem!$G$6+results!F38)*(chem!$I$6+results!F40)*(chem!$K$6+results!F44))) -> 1.2238825e-10 | Q51: =ABS(G51-chem!$E$6*results!G38*results!G40*chem!$K$6/((chem!$G$6+results!G38)*(chem!$I$6+results!G40)*(chem!$K$6+results!G44))) -> 4.8820277e-11 | R51: =ABS(H51-chem!$E$6*results!H38*results!H40*chem!$K$6/((chem!$G$6+results!H38)*(chem!$I$6+results!H40)*(chem!$K$6+results!H44))) -> 1.3764334e-11 | S51: =ABS(I51-chem!$E$6*results!I38*results!I40*chem!$K$6/((chem!$G$6+results!I38)*(chem!$I$6+results!I40)*(chem!$K$6+results!I44))) -> 5.1877637e-11 | ... U51: =ABS(K51-chem!$E$6*results!K38*results!K40*chem!$K$6/((chem!$G$6+results!K38)*(chem!$I$6+results!K40)*(chem!$K$6+results!K44))) -> 3.605804e-11
A52: =A35 -> aq species conc | B52: t=0.1d | L52: error abs
A53: ='wat types'!$A$2 -> h2o(p) | B53: 55.5556 | C53: 55.5556 | D53: 55.5556 | E53: 55.5556 | F53: 55.5556 | G53: 55.5556 | H53: 55.5556 | I53: 55.5556 | J53: 55.5556 | K53: 55.5556
A54: ='wat types'!$A$3 -> cl- | B54: 0.000165601 | C54: 0.000104407 | D54: 6.15651e-05 | E54: 3.41091e-05 | F54: 1.78538e-05 | G54: 8.87988e-06 | H54: 4.2223e-06 | I54: 1.93838e-06 | J54: 8.90382e-07 | K54: 4.85052e-07
A55: ='wat types'!$A$4 -> ch2o(aq) | B55: 0.000173133 | C55: 0.000107755 | D55: 6.67794e-05 | E55: 4.11092e-05 | F55: 2.55655e-05 | G55: 1.66459e-05 | H55: 1.18322e-05 | I55: 9.39217e-06 | J55: 8.24359e-06 | K55: 7.79177e-06
A56: ='wat types'!$A$5 -> h+ | B56: 1.01221e-07 | C56: 1.01842e-07 | D56: 1.01426e-07 | E56: 1.00945e-07 | F56: 1.00648e-07 | G56: 1.00508e-07 | H56: 1.00454e-07 | I56: 1.00436e-07 | J56: 1.00431e-07 | K56: 1.0043e-07
A57: ='wat types'!$A$6 -> no3- | B57: 7.49065e-05 | C57: 4.71635e-05 | D57: 3.15582e-05 | E57: 2.20239e-05 | F57: 1.61011e-05 | G57: 1.25601e-05 | H57: 1.05747e-05 | I57: 9.53744e-06 | J57: 9.0383e-06 | K57: 8.83917e-06
A58: ='wat types'!$A$7 -> n2(aq)(p) | B58: 4.95192e-05 | C58: 3.30996e-05 | D58: 1.96956e-05 | E58: 1.08721e-05 | F58: 5.7871e-06 | G58: 3.11549e-06 | H58: 1.8027e-06 | I58: 1.19078e-06 | J58: 9.21592e-07 | K58: 8.20517e-07
A59: ='wat types'!$A$8 -> ca+2 | B59: 0.00617394 | C59: 0.00650207 | D59: 0.00673082 | E59: 0.00687729 | F59: 0.00696408 | G59: 0.00701206 | H59: 0.007037 | I59: 0.00704924 | J59: 0.00705487 | K59: 0.00705704
A60: ='wat types'!$A$9 -> hco3- | B60: 0.0011572 | C60: 0.00110554 | D60: 0.00106361 | E60: 0.00103602 | F60: 0.0010201 | G60: 0.00101171 | H60: 0.00100758 | I60: 0.00100565 | J60: 0.0010048 | K60: 0.00100448
A61: ='wat types'!$A$10 -> o2(aq) | B61: 1.07488e-07 | C61: 3.92331e-08 | D61: 1.50428e-08 | E61: 5.95402e-09 | F61: 2.38208e-09 | G61: 9.30802e-10 | H61: 3.41951e-10 | I61: 1.15887e-10 | J61: 3.70451e-11 | K61: 1.35391e-11
A62: ='wat types'!$A$11 -> co3-2 | B62: 5.36213e-07 | C62: 5.09153e-07 | D62: 4.9185e-07 | E62: 4.81374e-07 | F62: 4.75375e-07 | G62: 4.72122e-07 | H62: 4.70449e-07 | I62: 4.69632e-07 | J62: 4.69258e-07 | K62: 4.69113e-07
A63: r_eq
A64: calcite | B64: -0.00564616 | C64: -0.00192691 | D64: -0.000721632 | E64: -0.000289673 | F64: -0.000125992 | G64: -6.2176e-05 | H64: -3.65789e-05 | I64: -2.59702e-05 | J64: -2.1532e-05 | K64: -1.98843e-05 | L64: =ABS(1-B59*B60/(B56*chem!$H$21)) -> 4.7433617e-07 | M64: =ABS(1-C59*C60/(C56*chem!$H$21)) -> 1.8840139e-06 | N64: =ABS(1-D59*D60/(D56*chem!$H$21)) -> 2.5101253e-06 | O64: =ABS(1-E59*E60/(E56*chem!$H$21)) -> 1.5311726e-06 | P64: =ABS(1-F59*F60/(F56*chem!$H$21)) -> 3.1077171e-06 | Q64: =ABS(1-G59*G60/(G56*chem!$H$21)) -> 2.3835619e-06 | R64: =ABS(1-H59*H60/(H56*chem!$H$21)) -> 3.3457314e-07 | S64: =ABS(1-I59*I60/(I56*chem!$H$21)) -> 5.8294929e-07 | ... U64: =ABS(1-K59*K60/(K56*chem!$H$21)) -> 9.4496426e-07
A65: co3-2 | B65: -5.03687e-06 | C65: -1.27298e-06 | D65: -3.37026e-07 | E65: -9.24034e-08 | F65: -2.60607e-08 | G65: -7.55328e-09 | H65: -2.30321e-09 | I65: -8.04279e-10 | J65: -3.77262e-10 | K65: -2.63103e-10 | L65: =ABS(1-B56*B62/(B60*chem!$N$32)) -> 1.0651127e-06 | M65: =ABS(1-C56*C62/(C60*chem!$N$32)) -> 1.763703e-06 | N65: =ABS(1-D56*D62/(D60*chem!$N$32)) -> 1.0082619e-06 | O65: =ABS(1-E56*E62/(E60*chem!$N$32)) -> 1.6062501e-06 | P65: =ABS(1-F56*F62/(F60*chem!$N$32)) -> 2.9007987e-06 | Q65: =ABS(1-G56*G62/(G60*chem!$N$32)) -> 2.7018399e-06 | R65: =ABS(1-H56*H62/(H60*chem!$N$32)) -> 5.6655414e-07 | S65: =ABS(1-I56*I62/(I60*chem!$N$32)) -> 5.3300737e-07 | ... U65: =ABS(1-K56*K62/(K60*chem!$N$32)) -> 8.3606799e-07
A66: rk
A67: oxid aer | B67: 0.000784725 | C67: 0.00019007 | D67: 4.70124e-05 | E67: 1.1748e-05 | F67: 2.96833e-06 | G67: 7.61947e-07 | H67: 1.99929e-07 | I67: 5.39144e-08 | J67: 1.51443e-08 | K67: 5.23388e-09 | L67: =ABS(B67-chem!$E$5*B55*B61/((chem!$G$5+B55)*(chem!$I$5+B61))) -> 3.3721056e-09 | M67: =ABS(C67-chem!$E$5*C55*C61/((chem!$G$5+C55)*(chem!$I$5+C61))) -> 9.7550418e-10 | N67: =ABS(D67-chem!$E$5*D55*D61/((chem!$G$5+D55)*(chem!$I$5+D61))) -> 1.4565144e-10 | O67: =ABS(E67-chem!$E$5*E55*E61/((chem!$G$5+E55)*(chem!$I$5+E61))) -> 1.6064621e-11 | P67: =ABS(F67-chem!$E$5*F55*F61/((chem!$G$5+F55)*(chem!$I$5+F61))) -> 1.10299e-11 | Q67: =ABS(G67-chem!$E$5*G55*G61/((chem!$G$5+G55)*(chem!$I$5+G61))) -> 5.3673473e-13 | R67: =ABS(H67-chem!$E$5*H55*H61/((chem!$G$5+H55)*(chem!$I$5+H61))) -> 1.1237855e-13 | S67: =ABS(I67-chem!$E$5*I55*I61/((chem!$G$5+I55)*(chem!$I$5+I61))) -> 1.1527917e-13 | ... U67: =ABS(K67-chem!$E$5*K55*K61/((chem!$G$5+K55)*(chem!$I$5+K61))) -> 9.25762e-15
A68: denit | B68: 0.00274779 | C68: 0.00113176 | D68: 0.000484164 | E68: 0.000212125 | F68: 9.76056e-05 | G68: 4.99204e-05 | H68: 2.99877e-05 | I68: 2.151e-05 | J68: 1.79076e-05 | K68: 1.65591e-05 | L68: =ABS(B68-chem!$E$6*results!B55*results!B57*chem!$K$6/((chem!$G$6+results!B55)*(chem!$I$6+results!B57)*(chem!$K$6+results!B61))) -> 4.8264083e-09 | M68: =ABS(C68-chem!$E$6*results!C55*results!C57*chem!$K$6/((chem!$G$6+results!C55)*(chem!$I$6+results!C57)*(chem!$K$6+results!C61))) -> 7.4099449e-09 | N68: =ABS(D68-chem!$E$6*results!D55*results!D57*chem!$K$6/((chem!$G$6+results!D55)*(chem!$I$6+results!D57)*(chem!$K$6+results!D61))) -> 5.893725e-10 | O68: =ABS(E68-chem!$E$6*results!E55*results!E57*chem!$K$6/((chem!$G$6+results!E55)*(chem!$I$6+results!E57)*(chem!$K$6+results!E61))) -> 8.5317227e-10 | P68: =ABS(F68-chem!$E$6*results!F55*results!F57*chem!$K$6/((chem!$G$6+results!F55)*(chem!$I$6+results!F57)*(chem!$K$6+results!F61))) -> 2.8863308e-10 | Q68: =ABS(G68-chem!$E$6*results!G55*results!G57*chem!$K$6/((chem!$G$6+results!G55)*(chem!$I$6+results!G57)*(chem!$K$6+results!G61))) -> 6.9067565e-11 | R68: =ABS(H68-chem!$E$6*results!H55*results!H57*chem!$K$6/((chem!$G$6+results!H55)*(chem!$I$6+results!H57)*(chem!$K$6+results!H61))) -> 1.1802455e-10 | S68: =ABS(I68-chem!$E$6*results!I55*results!I57*chem!$K$6/((chem!$G$6+results!I55)*(chem!$I$6+results!I57)*(chem!$K$6+results!I61))) -> 4.3700089e-13 | ... U68: =ABS(K68-chem!$E$6*results!K55*results!K57*chem!$K$6/((chem!$G$6+results!K55)*(chem!$I$6+results!K57)*(chem!$K$6+results!K61))) -> 2.0295812e-12
A69: =A52 -> aq species conc | B69: t=1d | L69: error abs
A70: ='wat types'!$A$2 -> h2o(p) | B70: 55.5556 | C70: 55.5556 | D70: 55.5556 | E70: 55.5556 | F70: 55.5556 | G70: 55.5556 | H70: 55.5556 | I70: 55.5556 | J70: 55.5556 | K70: 55.5556
A71: ='wat types'!$A$3 -> cl- | B71: 0.000522053 | C71: 0.000477799 | D71: 0.000435483 | E71: 0.000395808 | F71: 0.000359495 | G71: 0.000327284 | H71: 0.000299931 | I71: 0.00027821 | J71: 0.000262912 | K71: 0.000254847
A72: ='wat types'!$A$4 -> ch2o(aq) | B72: 0.00031725 | C72: 0.00026399 | D72: 0.000228383 | E72: 0.000201634 | F72: 0.000180082 | G72: 0.000162263 | H72: 0.000147699 | I72: 0.00013637 | J72: 0.000128479 | K72: 0.000124342
A73: ='wat types'!$A$5 -> h+ | B73: 1.0641e-07 | C73: 1.10352e-07 | D73: 1.12612e-07 | E73: 1.13864e-07 | F73: 1.14466e-07 | G73: 1.14644e-07 | H73: 1.14563e-07 | I73: 1.14356e-07 | J73: 1.14139e-07 | K73: 1.14001e-07
A74: ='wat types'!$A$6 -> no3- | B74: 4.74954e-05 | C74: 2.2647e-05 | D74: 1.11162e-05 | E74: 5.60782e-06 | F74: 2.90869e-06 | G74: 1.55216e-06 | H74: 8.53992e-07 | I74: 4.89319e-07 | J74: 3.0268e-07 | K74: 2.22211e-07
A75: ='wat types'!$A$7 -> n2(aq)(p) | B75: 0.000239669 | C75: 0.000230187 | D75: 0.000215006 | E75: 0.000198121 | F75: 0.000181496 | G75: 0.000166229 | H75: 0.000153039 | I75: 0.000142469 | J75: 0.00013499 | K75: 0.000131038
A76: ='wat types'!$A$8 -> ca+2 | B76: 0.00431037 | C76: 0.00454883 | D76: 0.00477377 | E76: 0.00498334 | F76: 0.00517456 | G76: 0.00534393 | H76: 0.00548764 | I76: 0.00560171 | J76: 0.00568204 | K76: 0.00572438
A77: ='wat types'!$A$9 -> hco3- | B77: 0.00174249 | C77: 0.0017123 | D77: 0.00166503 | E77: 0.00161274 | F77: 0.00156136 | G77: 0.00151423 | H77: 0.00147352 | I77: 0.00144092 | J77: 0.00141784 | K77: 0.00140566
A78: ='wat types'!$A$10 -> o2(aq) | B78: 6.56295e-08 | C78: 1.82048e-08 | D78: 5.02658e-09 | E78: 1.377e-09 | F78: 3.75114e-10 | G78: 1.01686e-10 | H78: 2.73818e-11 | I78: 7.29893e-12 | J78: 1.93467e-12 | K78: 5.96355e-13
A79: ='wat types'!$A$11 -> co3-2 | B79: 7.68043e-07 | C79: 7.2778e-07 | D79: 6.93488e-07 | E79: 6.64324e-07 | F79: 6.39774e-07 | G79: 6.19497e-07 | H79: 6.03274e-07 | I79: 5.90989e-07 | J79: 5.82634e-07 | K79: 5.78325e-07
A80: r_eq
A81: calcite | B81: -0.00588274 | C81: -0.00202296 | D81: -0.000772573 | E81: -0.000321361 | F81: -0.000143264 | G81: -6.76261e-05 | H81: -3.36353e-05 | I81: -1.77743e-05 | J81: -1.03703e-05 | K81: -7.37737e-06 | L81: =ABS(1-B76*B77/(B73*chem!$H$21)) -> 5.5321796e-06 | M81: =ABS(1-C76*C77/(C73*chem!$H$21)) -> 1.4860722e-06 | N81: =ABS(1-D76*D77/(D73*chem!$H$21)) -> 2.5739806e-06 | O81: =ABS(1-E76*E77/(E73*chem!$H$21)) -> 3.5914156e-06 | P81: =ABS(1-F76*F77/(F73*chem!$H$21)) -> 7.0379541e-08 | Q81: =ABS(1-G76*G77/(G73*chem!$H$21)) -> 2.939101e-06 | R81: =ABS(1-H76*H77/(H73*chem!$H$21)) -> 6.2856035e-06 | S81: =ABS(1-I76*I77/(I73*chem!$H$21)) -> 3.5347388e-06 | ... U81: =ABS(1-K76*K77/(K73*chem!$H$21)) -> 1.8728773e-07
A82: co3-2 | B82: -4.13317e-06 | C82: -1.11927e-06 | D82: -3.63035e-07 | E82: -1.53494e-07 | F82: -8.32247e-08 | G82: -5.11462e-08 | H82: -3.16301e-08 | I82: -1.8074e-08 | J82: -8.89336e-09 | K82: -4.03694e-09 | L82: =ABS(1-B73*B79/(B77*chem!$N$32)) -> 5.3325174e-06 | M82: =ABS(1-C73*C79/(C77*chem!$N$32)) -> 1.0790065e-06 | N82: =ABS(1-D73*D79/(D77*chem!$N$32)) -> 3.5903602e-06 | O82: =ABS(1-E73*E79/(E77*chem!$N$32)) -> 4.6538373e-06 | P82: =ABS(1-F73*F79/(F77*chem!$N$32)) -> 1.019223e-07 | Q82: =ABS(1-G73*G79/(G77*chem!$N$32)) -> 3.0121333e-06 | R82: =ABS(1-H73*H79/(H77*chem!$N$32)) -> 6.7956353e-06 | S82: =ABS(1-I73*I79/(I77*chem!$N$32)) -> 3.4905725e-06 | ... U82: =ABS(1-K73*K79/(K77*chem!$N$32)) -> 7.8490252e-07
A83: rk
A84: oxid aer | B84: 0.000785166 | C84: 0.000189763 | D84: 4.6704e-05 | E84: 1.15515e-05 | F84: 2.86204e-06 | G84: 7.0981e-07 | H84: 1.76189e-07 | I84: 4.37955e-08 | J84: 1.10133e-08 | K84: 3.29757e-09 | L84: =ABS(B84-chem!$E$5*B72*B78/((chem!$G$5+B72)*(chem!$I$5+B78))) -> 1.7659821e-10 | M84: =ABS(C84-chem!$E$5*C72*C78/((chem!$G$5+C72)*(chem!$I$5+C78))) -> 7.3793038e-10 | N84: =ABS(D84-chem!$E$5*D72*D78/((chem!$G$5+D72)*(chem!$I$5+D78))) -> 2.7408177e-11 | O84: =ABS(E84-chem!$E$5*E72*E78/((chem!$G$5+E72)*(chem!$I$5+E78))) -> 7.1243141e-11 | P84: =ABS(F84-chem!$E$5*F72*F78/((chem!$G$5+F72)*(chem!$I$5+F78))) -> 3.9084408e-12 | Q84: =ABS(G84-chem!$E$5*G72*G78/((chem!$G$5+G72)*(chem!$I$5+G78))) -> 4.4574795e-13 | R84: =ABS(H84-chem!$E$5*H72*H78/((chem!$G$5+H72)*(chem!$I$5+H78))) -> 6.3701747e-13 | S84: =ABS(I84-chem!$E$5*I72*I78/((chem!$G$5+I72)*(chem!$I$5+I78))) -> 1.5351964e-13 | ... U84: =ABS(K84-chem!$E$5*K72*K78/((chem!$G$5+K72)*(chem!$I$5+K78))) -> 1.7792233e-15
A85: denit | B85: 0.00294297 | C85: 0.0012124 | D85: 0.000527398 | E85: 0.000239076 | F85: 0.000112317 | G85: 5.4634e-05 | H85: 2.76223e-05 | I85: 1.47217e-05 | J85: 8.62408e-06 | K85: 6.14416e-06 | L85: =ABS(B85-chem!$E$6*results!B72*results!B74*chem!$K$6/((chem!$G$6+results!B72)*(chem!$I$6+results!B74)*(chem!$K$6+results!B78))) -> 8.0407459e-10 | M85: =ABS(C85-chem!$E$6*results!C72*results!C74*chem!$K$6/((chem!$G$6+results!C72)*(chem!$I$6+results!C74)*(chem!$K$6+results!C78))) -> 5.6859889e-09 | N85: =ABS(D85-chem!$E$6*results!D72*results!D74*chem!$K$6/((chem!$G$6+results!D72)*(chem!$I$6+results!D74)*(chem!$K$6+results!D78))) -> 1.2544425e-09 | O85: =ABS(E85-chem!$E$6*results!E72*results!E74*chem!$K$6/((chem!$G$6+results!E72)*(chem!$I$6+results!E74)*(chem!$K$6+results!E78))) -> 1.2804447e-10 | P85: =ABS(F85-chem!$E$6*results!F72*results!F74*chem!$K$6/((chem!$G$6+results!F72)*(chem!$I$6+results!F74)*(chem!$K$6+results!F78))) -> 2.2826439e-11 | Q85: =ABS(G85-chem!$E$6*results!G72*results!G74*chem!$K$6/((chem!$G$6+results!G72)*(chem!$I$6+results!G74)*(chem!$K$6+results!G78))) -> 1.0518742e-10 | R85: =ABS(H85-chem!$E$6*results!H72*results!H74*chem!$K$6/((chem!$G$6+results!H72)*(chem!$I$6+results!H74)*(chem!$K$6+results!H78))) -> 2.0829115e-11 | S85: =ABS(I85-chem!$E$6*results!I72*results!I74*chem!$K$6/((chem!$G$6+results!I72)*(chem!$I$6+results!I74)*(chem!$K$6+results!I78))) -> 3.4588026e-11 | ... U85: =ABS(K85-chem!$E$6*results!K72*results!K74*chem!$K$6/((chem!$G$6+results!K72)*(chem!$I$6+results!K74)*(chem!$K$6+results!K78))) -> 1.2330708e-12
A86: aq species conc | B86: t=5d | L86: error abs
A87: ='wat types'!$A$2 -> h2o(p) | B87: 55.5556 | C87: 55.5556 | D87: 55.5556 | E87: 55.5556 | F87: 55.5556 | G87: 55.5556 | H87: 55.5556 | I87: 55.5556 | J87: 55.5556 | K87: 55.5556
A88: ='wat types'!$A$3 -> cl- | B88: 0.00092641 | C88: 0.00091957 | D88: 0.000913001 | E88: 0.000906812 | F88: 0.000901119 | G88: 0.000896045 | H88: 0.000891717 | I88: 0.000888268 | J88: 0.000885831 | K88: 0.000884545
A89: ='wat types'!$A$4 -> ch2o(aq) | B89: 0.000503963 | C89: 0.00047437 | D89: 0.000460589 | E89: 0.000453264 | F89: 0.000448711 | G89: 0.000445484 | H89: 0.00044304 | I89: 0.000441202 | J89: 0.000439938 | K89: 0.000439278
A90: ='wat types'!$A$5 -> h+ | B90: 7.38748e-08 | C90: 7.5925e-08 | D90: 7.72504e-08 | E90: 7.82411e-08 | F90: 7.90473e-08 | G90: 7.97221e-08 | H90: 8.02789e-08 | I90: 8.07146e-08 | J90: 8.10191e-08 | K90: 8.1179e-08
A91: ='wat types'!$A$6 -> no3- | B91: 3.49591e-05 | C91: 1.40518e-05 | D91: 5.66469e-06 | E91: 2.28529e-06 | F91: 9.22598e-07 | G91: 3.72787e-07 | H91: 1.50853e-07 | I91: 6.14082e-08 | J91: 2.59131e-08 | K91: 1.34047e-08
A92: ='wat types'!$A$7 -> n2(aq)(p) | B92: 0.000446093 | C92: 0.000453161 | D92: 0.000454103 | E92: 0.000452729 | F92: 0.000450593 | G92: 0.000448356 | H92: 0.000446325 | I92: 0.000444662 | J92: 0.000443473 | K92: 0.000442843
A93: ='wat types'!$A$8 -> ca+2 | B93: 0.00219219 | C93: 0.00223332 | D93: 0.00226988 | E93: 0.00230318 | F93: 0.00233338 | G93: 0.00236013 | H93: 0.00238289 | I93: 0.002401 | J93: 0.00241379 | K93: 0.00242054
A94: ='wat types'!$A$9 -> hco3- | B94: 0.00237858 | C94: 0.00239957 | D94: 0.00240214 | E94: 0.00239776 | F94: 0.00239112 | G94: 0.0023842 | H94: 0.00237792 | I94: 0.00237279 | J94: 0.00236913 | K94: 0.00236718
A95: ='wat types'!$A$10 -> o2(aq) | B95: 4.7104e-08 | C95: 1.18008e-08 | D95: 2.9555e-09 | E95: 7.37157e-10 | F95: 1.83347e-10 | G95: 4.55278e-11 | H95: 1.12933e-11 | I95: 2.80051e-12 | J95: 7.01271e-13 | K95: 2.0859e-13
A96: ='wat types'!$A$11 -> co3-2 | B96: 1.51015e-06 | C96: 1.48234e-06 | D96: 1.45847e-06 | E96: 1.43738e-06 | F96: 1.41878e-06 | G96: 1.4027e-06 | H96: 1.3893e-06 | I96: 1.37882e-06 | J96: 1.37152e-06 | K96: 1.36769e-06
A97: r_eq
A98: calcite | B98: -0.00608905 | C98: -0.00201068 | D98: -0.000709351 | E98: -0.000261669 | F98: -9.95556e-05 | G98: -3.86874e-05 | H98: -1.52592e-05 | I98: -6.10787e-06 | J98: -2.54933e-06 | K98: -1.31036e-06 | L98: =ABS(1-B93*B94/(B90*chem!$H$21)) -> 8.3575266e-07 | M98: =ABS(1-C93*C94/(C90*chem!$H$21)) -> 9.7117059e-07 | N98: =ABS(1-D93*D94/(D90*chem!$H$21)) -> 1.0971885e-06 | O98: =ABS(1-E93*E94/(E90*chem!$H$21)) -> 3.1224623e-06 | P98: =ABS(1-F93*F94/(F90*chem!$H$21)) -> 4.5430051e-07 | Q98: =ABS(1-G93*G94/(G90*chem!$H$21)) -> 2.7906332e-07 | R98: =ABS(1-H93*H94/(H90*chem!$H$21)) -> 4.1149127e-07 | S98: =ABS(1-I93*I94/(I90*chem!$H$21)) -> 1.4631222e-06 | ... U98: =ABS(1-K93*K94/(K90*chem!$H$21)) -> 3.4642555e-07
A99: co3-2 | B99: -2.25203e-06 | C99: -6.28015e-07 | D99: -1.96896e-07 | E99: -7.31674e-08 | F99: -3.36206e-08 | G99: -1.84089e-08 | H99: -1.08287e-08 | I99: -6.12486e-09 | J99: -3.03527e-09 | K99: -1.39743e-09 | L99: =ABS(1-B90*B96/(B94*chem!$N$32)) -> 3.1262867e-06 | M99: =ABS(1-C90*C96/(C94*chem!$N$32)) -> 1.8308488e-06 | N99: =ABS(1-D90*D96/(D94*chem!$N$32)) -> 1.7933938e-07 | O99: =ABS(1-E90*E96/(E94*chem!$N$32)) -> 1.9212728e-06 | P99: =ABS(1-F90*F96/(F94*chem!$N$32)) -> 1.6720401e-06 | Q99: =ABS(1-G90*G96/(G94*chem!$N$32)) -> 1.9422273e-06 | R99: =ABS(1-H90*H96/(H94*chem!$N$32)) -> 4.8156559e-07 | S99: =ABS(1-I90*I96/(I94*chem!$N$32)) -> 8.5143749e-07 | ... U99: =ABS(1-K90*K96/(K94*chem!$N$32)) -> 1.9768406e-07
A100: rk
A101: oxid aer | B101: 0.000785504 | C101: 0.000189619 | D101: 4.65863e-05 | E101: 1.14949e-05 | F101: 2.83937e-06 | G101: 7.01558e-07 | H101: 1.73363e-07 | I101: 4.28667e-08 | J101: 1.07128e-08 | K101: 3.18315e-09 | L101: =ABS(B101-chem!$E$5*B89*B95/((chem!$G$5+B89)*(chem!$I$5+B95))) -> 9.9700118e-12 | M101: =ABS(C101-chem!$E$5*C89*C95/((chem!$G$5+C89)*(chem!$I$5+C95))) -> 8.1532022e-10 | N101: =ABS(D101-chem!$E$5*D89*D95/((chem!$G$5+D89)*(chem!$I$5+D95))) -> 5.539691e-12 | O101: =ABS(E101-chem!$E$5*E89*E95/((chem!$G$5+E89)*(chem!$I$5+E95))) -> 1.325273e-11 | P101: =ABS(F101-chem!$E$5*F89*F95/((chem!$G$5+F89)*(chem!$I$5+F95))) -> 7.7202815e-12 | Q101: =ABS(G101-chem!$E$5*G89*G95/((chem!$G$5+G89)*(chem!$I$5+G95))) -> 1.0947467e-13 | R101: =ABS(H101-chem!$E$5*H89*H95/((chem!$G$5+H89)*(chem!$I$5+H95))) -> 5.8518353e-13 | S101: =ABS(I101-chem!$E$5*I89*I95/((chem!$G$5+I89)*(chem!$I$5+I95))) -> 4.1925986e-14 | ... U101: =ABS(K101-chem!$E$5*K89*K95/((chem!$G$5+K89)*(chem!$I$5+K95))) -> 8.3651216e-15
A102: denit | B102: 0.00311245 | C102: 0.00120209 | D102: 0.000474842 | E102: 0.000189388 | F102: 7.58957e-05 | G102: 3.05023e-05 | H102: 1.22922e-05 | I102: 4.9881e-06 | J102: 2.10031e-06 | K102: 1.08524e-06 | L102: =ABS(B102-chem!$E$6*results!B89*results!B91*chem!$K$6/((chem!$G$6+results!B89)*(chem!$I$6+results!B91)*(chem!$K$6+results!B95))) -> 5.4096805e-09 | M102: =ABS(C102-chem!$E$6*results!C89*results!C91*chem!$K$6/((chem!$G$6+results!C89)*(chem!$I$6+results!C91)*(chem!$K$6+results!C95))) -> 4.3959282e-09 | N102: =ABS(D102-chem!$E$6*results!D89*results!D91*chem!$K$6/((chem!$G$6+results!D89)*(chem!$I$6+results!D91)*(chem!$K$6+results!D95))) -> 4.5265587e-10 | O102: =ABS(E102-chem!$E$6*results!E89*results!E91*chem!$K$6/((chem!$G$6+results!E89)*(chem!$I$6+results!E91)*(chem!$K$6+results!E95))) -> 4.6576235e-11 | P102: =ABS(F102-chem!$E$6*results!F89*results!F91*chem!$K$6/((chem!$G$6+results!F89)*(chem!$I$6+results!F91)*(chem!$K$6+results!F95))) -> 9.3205962e-12 | Q102: =ABS(G102-chem!$E$6*results!G89*results!G91*chem!$K$6/((chem!$G$6+results!G89)*(chem!$I$6+results!G91)*(chem!$K$6+results!G95))) -> 1.7082182e-11 | R102: =ABS(H102-chem!$E$6*results!H89*results!H91*chem!$K$6/((chem!$G$6+results!H89)*(chem!$I$6+results!H91)*(chem!$K$6+results!H95))) -> 2.2745474e-11 | S102: =ABS(I102-chem!$E$6*results!I89*results!I91*chem!$K$6/((chem!$G$6+results!I89)*(chem!$I$6+results!I91)*(chem!$K$6+results!I95))) -> 7.6500751e-12 | ... U102: =ABS(K102-chem!$E$6*results!K89*results!K91*chem!$K$6/((chem!$G$6+results!K89)*(chem!$I$6+results!K91)*(chem!$K$6+results!K95))) -> 9.4219805e-13

Sheet figures
