Workbook

Sheet README
A1: This excel sheet contains the results of a 1D denitrification problem without the whole path (2 redox reactions only). The input and output files can be found in the folder "denit_2reacts".
A3: The infiltration water is in equilibrium with atmospheric O2 & CO2
A5: We assume that the partial pressure of gases is constant
A6: We also assume that water has activity=1
A8: The domain is discretised by cells, who begin and end in the domain's boundary
A10: This problem has been simulated with the code REMIX, and the results are shown in the sheet "results"
A12: the BCs are prescribed mass flux at the inlet, and zero dispersive flux at the outlet
A14: concentrations of aqueous species are expressed in molalities
A16: The equilibrium reaction rates are computed using ordinary least squares method with the concentrations of variable activity species
A18: the kinetic reaction rates are computed using Monod expressions
A20: both transport and reactions are solved using Euler fully implicit

Sheet transport
A1: Delta_x | B1: =$B$3/($E$6) -> 0.1 | C1: m | D1: theta_t | E1: 1 | G1: t_c | H1: =$B$6*$B$4/($B$5^2) -> 2.5 | I1: d | K1: T_{i,i-1} | L1: =$B$5/(2*$B$1)+$B$6/($B$1^2) -> 21 | M1: 1/d | O1: A_{i,i-1} | P1: =-$B$2*L1/$B$4 -> -0.42
A2: Delta_t | B2: 0.01 | C2: d | G2: L_c | H2: =$B$7 -> 1 | I2: m | K2: T_{i,i+1} | L2: =-$B$5/(2*$B$1)+$B$6/($B$1^2) -> 19 | O2: A_{i,i+1} | P2: =-$B$2*L2/$B$4 -> -0.38
A3: L | B3: 1 | C3: m | D3: courant | E3: =B5*B2/(B4*B1) -> 0.04 | K3: T_{i,i} | L3: =-L2-L1 -> -40 | O3: A_{i,i} | P3: =1-$B$2*L3/$B$4 -> 1.8
A4: phi | B4: 0.5 | D4: Peclet | E4: =ABS(B5)*B1/B6 -> 0.1 | G4: q_inf | H4: =$B$5 -> 0.2 | I4: =C5 -> m/d | K4: T_{1,1} | L4: =-$B$5/(2*$B$1)-$B$6/($B$1^2) -> -21
A5: q | B5: 0.2 | C5: m/d | K5: T_{n,n} | L5: =-$L$1 -> -21
A6: D | B6: =$B$5*$B$7 -> 0.2 | C6: m^2/d | D6: num cells | E6: 10 | G6: transport approach | H6: Eulerian
A7: long disp | B7: 1 | C7: m
A8: initial target waters
A9: tar wat ind | B9: init wat type | C9: init min zone
A10: 1 | B10: 1 | D10: inflow
A11: 2 | B11: 2 | C11: 1 | D11: domain
A12: 3 | B12: 2 | C12: 1
A13: 4 | B13: 2 | C13: 1
A14: 5 | B14: 2 | C14: 1
A15: 6 | B15: 2 | C15: 1
A16: 7 | B16: 2 | C16: 1
A17: 8 | B17: 2 | C17: 1
A18: 9 | B18: 2 | C18: 1
A19: 10 | B19: 2 | C19: 1
A20: 11 | B20: 2 | C20: 1
A21: 12 | B21: 2 | D21: outflow
A22: BC inflow
A28: BC outflow

Sheet lambdas
A1: sum | B1: lambdas | C1: inf | D1: 1 | E1: 2 | F1: 3 | G1: 4 | H1: 5 | I1: 6 | J1: 7 | K1: 8 | L1: 9 | M1: 10 | N1: out
A2: =SUM(C2:N2) -> 1 | B2: 1 | C2: 0.030155137 | D2: 0.75387844 | E2: 0.16787472 | F2: 0.037382579 | G2: 0.0083244056 | H2: 0.0018536906 | I2: 0.00041278321 | J2: 9.1922237e-05 | K2: 2.0481924e-05 | L2: 4.6119372e-06 | M2: 1.2341804e-06 | N2: 0
A3: =SUM(C3:N3) -> 1 | B3: 2 | C3: 0.0074218296 | D3: 0.18554574 | E3: 0.62732131 | F3: 0.1396928 | G3: 0.03110699 | H3: 0.0069269491 | I3: 0.0015425057 | J3: 0.00034349888 | K3: 7.6537717e-05 | L3: 1.7234081e-05 | M3: 4.6119372e-06 | N3: 0
A4: =SUM(C4:N4) -> 1 | B4: 3 | C4: 0.0018266723 | D4: 0.045666807 | E4: 0.1543973 | F4: 0.62038513 | G4: 0.13814824 | H4: 0.030763048 | I4: 0.0068503717 | J4: 0.0015255017 | K4: 0.00033990916 | L4: 7.6537717e-05 | M4: 2.0481924e-05 | N4: 0
A5: =SUM(C5:N5) -> 1 | B5: 4 | C5: 0.00044958344 | D5: 0.011239586 | E5: 0.038000505 | F5: 0.15269016 | G5: 0.62000498 | H5: 0.1380636 | I5: 0.030744254 | J5: 0.0068464041 | K5: 0.0015255017 | L5: 0.00034349888 | M5: 9.1922237e-05 | N5: 0
A6: =SUM(C6:N6) -> 1 | B6: 5 | C6: 0.00011065219 | D6: 0.0027663048 | E6: 0.0093527447 | F6: 0.037580344 | G6: 0.15259661 | H6: 0.61998421 | I6: 0.13805922 | J6: 0.030744254 | K6: 0.0068503717 | L6: 0.0015425057 | M6: 0.00041278321 | N6: 0
A7: =SUM(C7:N7) -> 1 | B7: 6 | C7: 2.723394e-05 | D7: 0.0006808485 | E7: 0.0023019164 | F7: 0.0092493501 | G7: 0.037557386 | H7: 0.15259176 | I7: 0.61998421 | J7: 0.1380636 | K7: 0.030763048 | L7: 0.0069269491 | M7: 0.0018536906 | N7: 0
A8: =SUM(C8:N8) -> 1 | B8: 7 | C8: 6.7030852e-06 | D8: 0.00016757713 | E8: 0.00056657029 | F8: 0.002276541 | G8: 0.0092439931 | H8: 0.037557386 | I8: 0.15259661 | J8: 0.62000498 | K8: 0.13814824 | L8: 0.03110699 | M8: 0.0083244056 | N8: 0
A9: =SUM(C9:N9) -> 1 | B9: 8 | C9: 1.6507853e-06 | D9: 4.1269633e-05 | E9: 0.00013953067 | F9: 0.00056064937 | G9: 0.002276541 | H9: 0.0092493501 | I9: 0.037580344 | J9: 0.15269016 | K9: 0.62038513 | L9: 0.1396928 | M9: 0.037382579 | N9: 0
A10: =SUM(C10:N10) -> 1 | B10: 9 | C10: 4.1083641e-07 | D10: 1.027091e-05 | E10: 3.4725459e-05 | F10: 0.00013953067 | G10: 0.00056657029 | H10: 0.0023019164 | I10: 0.0093527447 | J10: 0.038000505 | K10: 0.1543973 | L10: 0.62732131 | M10: 0.16787472 | N10: 0
A11: =SUM(C11:N11) -> 1 | B11: 10 | C11: 1.2151499e-07 | D11: 3.0378749e-06 | E11: 1.027091e-05 | F11: 4.1269633e-05 | G11: 0.00016757713 | H11: 0.0006808485 | I11: 0.0027663048 | J11: 0.011239586 | K11: 0.045666807 | L11: 0.18554574 | M11: 0.75387844 | N11: 0

Sheet chem
A1: theta_r | B1: 1 | E1: h+ | F1: cl- | G1: no3- | H1: n2(aq)(p) | I1: ch2o(aq) | J1: hco3- | K1: o2(aq) | L1: co3-2 | M1: h2o
D2: S_k | E2: 1 | F2: 0 | G2: 0 | H2: 0 | I2: -1 | J2: 1 | K2: -1 | L2: 0 | M2: 0
A3: aqueous species | B3: ='wat types'!A2 -> h2o(p) | E3: 0.2 | F3: 0 | G3: -0.8 | H3: 0.4 | I3: -1 | J3: 1 | K3: 0 | L3: 0 | M3: 0.4
B4: ='wat types'!A3 -> h+
B5: ='wat types'!A4 -> cl- | D5: mu_1 | E5: 0.5 | F5: K_DOC | G5: 0.001 | H5: K_O2 | I5: 1e-05
B6: ='wat types'!A5 -> no3- | D6: mu_2 | E6: 2 | F6: K_DOC | G6: 0.0014 | H6: K_NO3 | I6: 0.0059 | J6: I_O2 | K6: 2.52e-05
B7: ='wat types'!A6 -> n2(aq)(p)
B8: ='wat types'!A7 -> ch2o(aq)
B9: ='wat types'!A8 -> hco3-
B10: ='wat types'!A9 -> o2(aq)
B11: ='wat types'!A10 -> co3-2
C13: part press
A14: gases | B14: co2(g) | C14: 0.00035
B15: o2(g) | C15: 0.2
A17: act coeffs model | B17: ideal
A19: equilibrium reactions | G19: K | H19: K master25
B20: co2(g) | G20: =1/(H20*C14) -> 1.8600814e+11 | H20: =10^(-7.8136) -> 1.5360311e-08
B21: o2(g) | G21: =1/(H21*C15) -> 3953.3931 | H21: =10^(-2.898) -> 0.0012647363
B22: co3-2 | G22: =1/H22 -> 4.6902933e-11 | H22: =10^(10.3288) -> 2.1320628e+10
A24: kinetic reactions | B24: aerobic oxidation of DOC
B25: denitrification
A27: reactive zone 1
C28: =E1 -> h+ | D28: =F1 -> cl- | E28: =G1 -> no3- | F28: =H1 -> n2(aq)(p) | G28: =I1 -> ch2o(aq) | H28: =J1 -> hco3- | I28: =K1 -> o2(aq) | J28: =L1 -> co3-2 | K28: =M1 -> h2o | L28: K
B29: S_e | C29: 1 | D29: 0 | E29: 0 | F29: 0 | G29: 0 | H29: 0 | I29: -1 | J29: 1 | K29: 0 | L29: =1/H22 -> 4.6902933e-11
B31: U | C31: 1 | D31: 0 | E31: 0 | F31: 0 | G31: 0 | H31: 0 | I31: 0 | J31: -1
C32: 0 | D32: 1 | E32: 0 | F32: 0 | G32: 0 | H32: 0 | I32: 0 | J32: 0
C33: 0 | D33: 0 | E33: 1 | F33: 0 | G33: 0 | H33: 0 | I33: 0 | J33: 0
C34: 0 | D34: 0 | E34: 0 | F34: 1 | G34: 0 | H34: 0 | I34: 0 | J34: 0
C35: 0 | D35: 0 | E35: 0 | F35: 0 | G35: 1 | H35: 0 | I35: 0 | J35: 0
C36: 0 | D36: 0 | E36: 0 | F36: 0 | G36: 0 | H36: 1 | I36: 0 | J36: 1
C37: 0 | D37: 0 | E37: 0 | F37: 0 | G37: 0 | H37: 0 | I37: 1 | J37: 0
B39: eq reactions | C39: co3-2
B41: prim species | C41: h+
C42: cl-
C43: no3-
C44: n2(aq)(p)
C45: ch2o(aq)
C46: hco3-
C47: o2(aq)

Sheet wat types
A1: aq species conc | B1: infiltration water | C1: initial water
A2: h2o(p) | B2: 55.5556 | C2: 55.5556
A3: h+ | B3: 1e-08 | C3: 1e-07
A4: cl- | B4: 0.001 | C4: 1e-16
A5: no3- | B5: 0.001 | C5: 1e-05
A6: n2(aq)(p) | B6: 1e-16 | C6: 1e-16
A7: ch2o(aq) | B7: 0.002 | C7: 1e-05
A8: hco3- | B8: 0.000537611 | C8: 0.001
A9: o2(aq) | B9: 0.000252947 | C9: 1e-06
A10: co3-2 | B10: 2.52155e-06 | C10: 4.69029e-07
A11: err abs
A12: co2(g) | B12: =ABS(1-B3*B8/(chem!$C$14*chem!$H$20)) -> 2.3449161e-07
A13: o2(g) | B13: =ABS(1-B9/(chem!$C$15*chem!$H$21)) -> 1.0654166e-06

Sheet results
A1: cell | B1: 1 | C1: 2 | D1: 3 | E1: 4 | F1: 5 | G1: 6 | H1: 7 | I1: 8 | J1: 9 | K1: 10
A2: x | B2: =transport!$B$1*(B$1-0.5) -> 0.05 | C2: =transport!$B$1*(C$1-0.5) -> 0.15 | D2: =transport!$B$1*(D$1-0.5) -> 0.25 | E2: =transport!$B$1*(E$1-0.5) -> 0.35 | F2: =transport!$B$1*(F$1-0.5) -> 0.45 | G2: =transport!$B$1*(G$1-0.5) -> 0.55 | H2: =transport!$B$1*(H$1-0.5) -> 0.65 | I2: =transport!$B$1*(I$1-0.5) -> 0.75 | ... K2: =transport!$B$1*(K$1-0.5) -> 0.95
A5: aq species conc | B5: t=0
A6: ='wat types'!$A$2 -> h2o(p) | B6: 55.5556 | C6: 55.5556 | D6: 55.5556 | E6: 55.5556 | F6: 55.5556 | G6: 55.5556 | H6: 55.5556 | I6: 55.5556 | J6: 55.5556 | K6: 55.5556
A7: ='wat types'!$A$3 -> h+ | B7: 1e-07 | C7: 1e-07 | D7: 1e-07 | E7: 1e-07 | F7: 1e-07 | G7: 1e-07 | H7: 1e-07 | I7: 1e-07 | J7: 1e-07 | K7: 1e-07
A8: ='wat types'!$A$4 -> cl- | B8: 1e-16 | C8: 1e-16 | D8: 1e-16 | E8: 1e-16 | F8: 1e-16 | G8: 1e-16 | H8: 1e-16 | I8: 1e-16 | J8: 1e-16 | K8: 1e-16
A9: ='wat types'!$A$5 -> no3- | B9: 1e-05 | C9: 1e-05 | D9: 1e-05 | E9: 1e-05 | F9: 1e-05 | G9: 1e-05 | H9: 1e-05 | I9: 1e-05 | J9: 1e-05 | K9: 1e-05
A10: ='wat types'!$A$6 -> n2(aq)(p) | B10: 1e-16 | C10: 1e-16 | D10: 1e-16 | E10: 1e-16 | F10: 1e-16 | G10: 1e-16 | H10: 1e-16 | I10: 1e-16 | J10: 1e-16 | K10: 1e-16
A11: ='wat types'!$A$7 -> ch2o(aq) | B11: 1e-05 | C11: 1e-05 | D11: 1e-05 | E11: 1e-05 | F11: 1e-05 | G11: 1e-05 | H11: 1e-05 | I11: 1e-05 | J11: 1e-05 | K11: 1e-05
A12: ='wat types'!$A$8 -> hco3- | B12: 0.001 | C12: 0.001 | D12: 0.001 | E12: 0.001 | F12: 0.001 | G12: 0.001 | H12: 0.001 | I12: 0.001 | J12: 0.001 | K12: 0.001
A13: ='wat types'!$A$9 -> o2(aq) | B13: 1e-06 | C13: 1e-06 | D13: 1e-06 | E13: 1e-06 | F13: 1e-06 | G13: 1e-06 | H13: 1e-06 | I13: 1e-06 | J13: 1e-06 | K13: 1e-06
A14: ='wat types'!$A$10 -> co3-2 | B14: 4.69029e-07 | C14: 4.69029e-07 | D14: 4.69029e-07 | E14: 4.69029e-07 | F14: 4.69029e-07 | G14: 4.69029e-07 | H14: 4.69029e-07 | I14: 4.69029e-07 | J14: 4.69029e-07 | K14: 4.69029e-07
A15: vol frac
A19: calcite | B19: 0.5 | C19: 0.5 | D19: 0.5 | E19: 0.5 | F19: 0.5 | G19: 0.5 | H19: 0.5 | I19: 0.5 | J19: 0.5 | K19: 0.5
A20: aq species conc | B20: t=0.01d | L20: error abs
A21: ='wat types'!$A$2 -> h2o(p) | B21: 55.5556 | C21: 55.5556 | D21: 55.5556 | E21: 55.5556 | F21: 55.5556 | G21: 55.5556 | H21: 55.5556 | I21: 55.5556 | J21: 55.5556 | K21: 55.5556
A22: ='wat types'!$A$3 -> h+ | B22: 8.75932e-06 | C22: 2.4122e-06 | D22: 9.86845e-07 | E22: 6.669e-07 | F22: 5.92839e-07 | G22: 5.75012e-07 | H22: 5.70652e-07 | I22: 5.6958e-07 | J22: 5.69317e-07 | K22: 5.69256e-07
A23: ='wat types'!$A$4 -> cl- | B23: 3.01551e-05 | C23: 7.42183e-06 | D23: 1.82667e-06 | E23: 4.49583e-07 | F23: 1.10652e-07 | G23: 2.72339e-08 | H23: 6.70309e-09 | I23: 1.65079e-09 | J23: 4.10837e-10 | K23: 1.21515e-10 | L23: =ABS(B23-SUMPRODUCT($B$8:$K$8,lambdas!$D$2:$M$2)-'wat types'!$B$4*lambdas!$C$2) -> 3.748921e-11 | M23: =ABS(C23-SUMPRODUCT($B$8:$K$8,lambdas!$D$3:$M$3)-'wat types'!$B$4*lambdas!$C$3) -> 4.3532049e-13 | N23: =ABS(D23-SUMPRODUCT($B$8:$K$8,lambdas!$D$4:$M$4)-'wat types'!$B$4*lambdas!$C$4) -> 2.2917234e-12 | O23: =ABS(E23-SUMPRODUCT($B$8:$K$8,lambdas!$D$5:$M$5)-'wat types'!$B$4*lambdas!$C$5) -> 4.4167585e-13 | P23: =ABS(F23-SUMPRODUCT($B$8:$K$8,lambdas!$D$6:$M$6)-'wat types'!$B$4*lambdas!$C$6) -> 1.9050707e-13 | Q23: =ABS(G23-SUMPRODUCT($B$8:$K$8,lambdas!$D$7:$M$7)-'wat types'!$B$4*lambdas!$C$7) -> 4.0286502e-14
A24: ='wat types'!$A$5 -> no3- | B24: 3.61901e-05 | C24: 1.66825e-05 | D24: 1.15443e-05 | E24: 1.02549e-05 | F24: 9.93594e-06 | G24: 9.85734e-06 | H24: 9.83799e-06 | I24: 9.83323e-06 | J24: 9.83206e-06 | K24: 9.83179e-06
A25: ='wat types'!$A$6 -> n2(aq)(p) | B25: 1.83174e-06 | C25: 3.32534e-07 | D25: 1.3205e-07 | E25: 9.51071e-08 | F25: 8.68047e-08 | G25: 8.48097e-08 | H25: 8.43216e-08 | I25: 8.42017e-08 | J25: 8.41723e-08 | K25: 8.41654e-08
A26: ='wat types'!$A$7 -> ch2o(aq) | B26: 5.71576e-05 | C26: 2.13267e-05 | D26: 1.20588e-05 | E26: 9.73799e-06 | F26: 9.16371e-06 | G26: 9.02216e-06 | H26: 8.98731e-06 | I26: 8.97873e-06 | J26: 8.97663e-06 | K26: 8.97614e-06
A27: ='wat types'!$A$8 -> hco3- | B27: 0.000999433 | C27: 0.00100048 | D27: 0.00100116 | E27: 0.00100135 | F27: 0.0010014 | G27: 0.00100141 | H27: 0.00100141 | I27: 0.00100141 | J27: 0.00100141 | K27: 0.00100141
A28: ='wat types'!$A$9 -> o2(aq) | B28: 3.25771e-07 | C28: 2.58503e-07 | D28: 2.14045e-07 | E28: 1.94357e-07 | F28: 1.88401e-07 | G28: 1.8685e-07 | H28: 1.86462e-07 | I28: 1.86366e-07 | J28: 1.86343e-07 | K28: 1.86337e-07
A29: ='wat types'!$A$10 -> co3-2 | B29: 5.3516e-09 | C29: 1.94533e-08 | D29: 4.75831e-08 | E29: 7.04246e-08 | F29: 7.92261e-08 | G29: 8.16833e-08 | H29: 8.23078e-08 | I29: 8.24627e-08 | J29: 8.25007e-08 | K29: 8.25096e-08
A30: r_eq
A31: co3-2 | B31: -5.41913e-05 | C31: -4.68285e-05 | D31: -4.25974e-05 | E31: -3.99707e-05 | F31: -3.90073e-05 | G31: -3.87412e-05 | H31: -3.86738e-05 | I31: -3.86571e-05 | J31: -3.8653e-05 | K31: -3.8652e-05 | L31: =ABS(1-B22*B29/(B27*chem!$L$29)) -> 8.113758e-07 | M31: =ABS(1-C22*C29/(C27*chem!$L$29)) -> 4.1765902e-06 | N31: =ABS(1-D22*D29/(D27*chem!$L$29)) -> 4.1723656e-06 | O31: =ABS(1-E22*E29/(E27*chem!$L$29)) -> 1.832378e-06 | P31: =ABS(1-F22*F29/(F27*chem!$L$29)) -> 5.8560121e-06 | Q31: =ABS(1-G22*G29/(G27*chem!$L$29)) -> 4.008517e-06 | R31: =ABS(1-H22*H29/(H27*chem!$L$29)) -> 9.5189674e-07 | S31: =ABS(1-I22*I29/(I27*chem!$L$29)) -> 8.237358e-07 | ... U31: =ABS(1-K22*K29/(K27*chem!$L$29)) -> 4.0200291e-07
A32: rk
A33: oxid aer | B33: 0.000852892 | C33: 0.000263093 | D33: 0.000124846 | E33: 9.19328e-05 | F33: 8.3957e-05 | G33: 8.20034e-05 | H33: 8.15232e-05 | I33: 8.14051e-05 | J33: 8.13761e-05 | K33: 8.13693e-05 | L33: =ABS(B33-chem!$E$5*B26*B28/((chem!$G$5+B26)*(chem!$I$5+B28))) -> 2.8235413e-10 | M33: =ABS(C33-chem!$E$5*C26*C28/((chem!$G$5+C26)*(chem!$I$5+C28))) -> 7.7735229e-10 | N33: =ABS(D33-chem!$E$5*D26*D28/((chem!$G$5+D26)*(chem!$I$5+D28))) -> 2.9875018e-10 | O33: =ABS(E33-chem!$E$5*E26*E28/((chem!$G$5+E26)*(chem!$I$5+E28))) -> 1.0441802e-10 | P33: =ABS(F33-chem!$E$5*F26*F28/((chem!$G$5+F26)*(chem!$I$5+F28))) -> 4.1479248e-12 | Q33: =ABS(G33-chem!$E$5*G26*G28/((chem!$G$5+G26)*(chem!$I$5+G28))) -> 2.183334e-10 | R33: =ABS(H33-chem!$E$5*H26*H28/((chem!$G$5+H26)*(chem!$I$5+H28))) -> 4.2705166e-11 | S33: =ABS(I33-chem!$E$5*I26*I28/((chem!$G$5+I26)*(chem!$I$5+I28))) -> 2.4392389e-10 | ... U33: =ABS(K33-chem!$E$5*K26*K28/((chem!$G$5+K26)*(chem!$I$5+K28))) -> 1.4898001e-10
A34: denit | B34: 0.000472173 | C34: 8.37551e-05 | D34: 3.3073e-05 | E34: 2.37875e-05 | F34: 2.17036e-05 | G34: 2.1203e-05 | H34: 2.10805e-05 | I34: 2.10505e-05 | J34: 2.10431e-05 | K34: 2.10414e-05 | L34: =ABS(B34-chem!$E$6*B26*B24*chem!$K$6/((chem!$G$6+B26)*(chem!$I$6+B24)*(chem!$K$6+results!B28))) -> 4.3263508e-11 | M34: =ABS(C34-chem!$E$6*C26*C24*chem!$K$6/((chem!$G$6+C26)*(chem!$I$6+C24)*(chem!$K$6+results!C28))) -> 1.8781702e-10 | N34: =ABS(D34-chem!$E$6*D26*D24*chem!$K$6/((chem!$G$6+D26)*(chem!$I$6+D24)*(chem!$K$6+results!D28))) -> 8.5086173e-11 | O34: =ABS(E34-chem!$E$6*E26*E24*chem!$K$6/((chem!$G$6+E26)*(chem!$I$6+E24)*(chem!$K$6+results!E28))) -> 3.578249e-11 | P34: =ABS(F34-chem!$E$6*F26*F24*chem!$K$6/((chem!$G$6+F26)*(chem!$I$6+F24)*(chem!$K$6+results!F28))) -> 2.5795169e-11 | Q34: =ABS(G34-chem!$E$6*G26*G24*chem!$K$6/((chem!$G$6+G26)*(chem!$I$6+G24)*(chem!$K$6+results!G28))) -> 7.495063e-12 | R34: =ABS(H34-chem!$E$6*H26*H24*chem!$K$6/((chem!$G$6+H26)*(chem!$I$6+H24)*(chem!$K$6+results!H28))) -> 4.3263516e-11 | S34: =ABS(I34-chem!$E$6*I26*I24*chem!$K$6/((chem!$G$6+I26)*(chem!$I$6+I24)*(chem!$K$6+results!I28))) -> 4.6998569e-11 | ... U34: =ABS(K34-chem!$E$6*K26*K24*chem!$K$6/((chem!$G$6+K26)*(chem!$I$6+K24)*(chem!$K$6+results!K28))) -> 3.3145677e-11
A35: aq species conc | B35: t=0.02d | L35: error abs
A36: ='wat types'!$A$2 -> h2o(p) | B36: 55.5556 | C36: 55.5556 | D36: 55.5556 | E36: 55.5556 | F36: 55.5556 | G36: 55.5556 | H36: 55.5556 | I36: 55.5556 | J36: 55.5556 | K36: 55.5556
A37: ='wat types'!$A$3 -> h+ | B37: 1.67438e-05 | C37: 5.71567e-06 | D37: 2.20439e-06 | E37: 1.15835e-06 | F37: 8.58763e-07 | G37: 7.74038e-07 | H37: 7.50206e-07 | I37: 7.43571e-07 | J37: 7.41751e-07 | K37: 7.41287e-07
A38: ='wat types'!$A$4 -> cl- | B38: 5.42066e-05 | C38: 1.79428e-05 | D38: 5.54862e-06 | E38: 1.64437e-06 | F38: 4.73317e-07 | G38: 1.33379e-07 | H38: 3.69852e-08 | I38: 1.01349e-08 | J38: 2.78503e-09 | K38: 9.09315e-10 | L38: =ABS(B38-SUMPRODUCT($B$23:$K$23,lambdas!$D$2:$M$2)-'wat types'!$B$4*lambdas!$C$2) -> 8.6935213e-14 | M38: =ABS(C38-SUMPRODUCT($B$23:$K$23,lambdas!$D$3:$M$3)-'wat types'!$B$4*lambdas!$C$3) -> 2.0727769e-11 | N38: =ABS(D38-SUMPRODUCT($B$23:$K$23,lambdas!$D$4:$M$4)-'wat types'!$B$4*lambdas!$C$4) -> 6.6711527e-13 | O38: =ABS(E38-SUMPRODUCT($B$23:$K$23,lambdas!$D$5:$M$5)-'wat types'!$B$4*lambdas!$C$5) -> 1.3328165e-12 | P38: =ABS(F38-SUMPRODUCT($B$23:$K$23,lambdas!$D$6:$M$6)-'wat types'!$B$4*lambdas!$C$6) -> 5.5575785e-14 | Q38: =ABS(G38-SUMPRODUCT($B$23:$K$23,lambdas!$D$7:$M$7)-'wat types'!$B$4*lambdas!$C$7) -> 4.215281e-13
A39: ='wat types'!$A$5 -> no3- | B39: 5.25978e-05 | C39: 2.49213e-05 | D39: 1.45421e-05 | E39: 1.11321e-05 | F39: 1.00937e-05 | G39: 9.79073e-06 | H39: 9.70464e-06 | I39: 9.68064e-06 | J39: 9.67406e-06 | K39: 9.67239e-06
A40: ='wat types'!$A$6 -> n2(aq)(p) | B40: 5.53338e-06 | C40: 1.42103e-06 | D40: 4.75536e-07 | E40: 2.4789e-07 | F40: 1.87421e-07 | G40: 1.70657e-07 | H40: 1.65988e-07 | I40: 1.64698e-07 | J40: 1.64347e-07 | K40: 1.64258e-07
A41: ='wat types'!$A$7 -> ch2o(aq) | B41: 8.95782e-05 | C41: 3.67492e-05 | D41: 1.75267e-05 | E41: 1.12862e-05 | F41: 9.39297e-06 | G41: 8.84146e-06 | H41: 8.68494e-06 | I41: 8.64134e-06 | J41: 8.62941e-06 | K41: 8.62636e-06
A42: ='wat types'!$A$8 -> hco3- | B42: 0.00100381 | C42: 0.00100116 | D42: 0.00100141 | E42: 0.00100166 | F42: 0.00100175 | G42: 0.00100177 | H42: 0.00100178 | I42: 0.00100178 | J42: 0.00100178 | K42: 0.00100178
A43: ='wat types'!$A$9 -> o2(aq) | B43: 1.97702e-07 | C43: 1.16237e-07 | D43: 7.17243e-08 | E43: 4.78992e-08 | F43: 3.88669e-08 | G43: 3.6282e-08 | H43: 3.56292e-08 | I43: 3.54712e-08 | J43: 3.54336e-08 | K43: 3.54251e-08
A44: ='wat types'!$A$10 -> co3-2 | B44: 2.81187e-09 | C44: 8.21553e-09 | D44: 2.1307e-08 | E44: 4.05584e-08 | F44: 5.47122e-08 | G44: 6.07024e-08 | H44: 6.26313e-08 | I44: 6.31903e-08 | J44: 6.33453e-08 | K44: 6.3385e-08
A45: r_eq
A46: co3-2 | B46: -8.56646e-06 | C46: -3.34929e-06 | D46: -2.90073e-06 | E46: -2.64904e-06 | F46: -2.19536e-06 | G46: -1.98568e-06 | H46: -1.92736e-06 | I46: -1.91417e-06 | J46: -1.91149e-06 | K46: -1.911e-06 | L46: =ABS(1-B37*B44/(B42*chem!$L$29)) -> 5.1847971e-06 | M46: =ABS(1-C37*C44/(C42*chem!$L$29)) -> 1.743872e-06 | N46: =ABS(1-D37*D44/(D42*chem!$L$29)) -> 2.7304332e-06 | O46: =ABS(1-E37*E44/(E42*chem!$L$29)) -> 6.5837313e-07 | P46: =ABS(1-F37*F44/(F42*chem!$L$29)) -> 4.2559202e-06 | Q46: =ABS(1-G37*G44/(G42*chem!$L$29)) -> 2.8220092e-07 | R46: =ABS(1-H37*H44/(H42*chem!$L$29)) -> 9.1544003e-07 | S46: =ABS(1-I37*I44/(I42*chem!$L$29)) -> 1.1599149e-06 | ... U46: =ABS(1-K37*K44/(K42*chem!$L$29)) -> 1.2010694e-06
A47: rk
A48: oxid aer | B48: 0.000796933 | C48: 0.000203644 | D48: 6.13319e-05 | E48: 2.66009e-05 | F48: 1.80139e-05 | G48: 1.58413e-05 | H48: 1.52842e-05 | I48: 1.51409e-05 | J48: 1.51042e-05 | K48: 1.50953e-05 | L48: =ABS(B48-chem!$E$5*B41*B43/((chem!$G$5+B41)*(chem!$I$5+B43))) -> 1.5883185e-09 | M48: =ABS(C48-chem!$E$5*C41*C43/((chem!$G$5+C41)*(chem!$I$5+C43))) -> 9.5512957e-10 | N48: =ABS(D48-chem!$E$5*D41*D43/((chem!$G$5+D41)*(chem!$I$5+D43))) -> 5.8444782e-11 | O48: =ABS(E48-chem!$E$5*E41*E43/((chem!$G$5+E41)*(chem!$I$5+E43))) -> 1.9925565e-11 | P48: =ABS(F48-chem!$E$5*F41*F43/((chem!$G$5+F41)*(chem!$I$5+F43))) -> 5.1058049e-12 | Q48: =ABS(G48-chem!$E$5*G41*G43/((chem!$G$5+G41)*(chem!$I$5+G43))) -> 5.0573196e-11 | R48: =ABS(H48-chem!$E$5*H41*H43/((chem!$G$5+H41)*(chem!$I$5+H43))) -> 1.5017393e-12 | S48: =ABS(I48-chem!$E$5*I41*I43/((chem!$G$5+I41)*(chem!$I$5+I43))) -> 2.6298148e-11 | ... U48: =ABS(K48-chem!$E$5*K41*K43/((chem!$G$5+K41)*(chem!$I$5+K43))) -> 2.8889288e-11
A49: denit | B49: 0.00105448 | C49: 0.000214184 | D49: 6.06274e-05 | E49: 3.00639e-05 | F49: 2.27295e-05 | G49: 2.0764e-05 | H49: 2.02201e-05 | I49: 2.00696e-05 | J49: 2.00285e-05 | K49: 2.00181e-05 | L49: =ABS(B49-chem!$E$6*B41*B39*chem!$K$6/((chem!$G$6+B41)*(chem!$I$6+B39)*(chem!$K$6+results!B43))) -> 5.2694184e-09 | M49: =ABS(C49-chem!$E$6*C41*C39*chem!$K$6/((chem!$G$6+C41)*(chem!$I$6+C39)*(chem!$K$6+results!C43))) -> 3.0023382e-10 | N49: =ABS(D49-chem!$E$6*D41*D39*chem!$K$6/((chem!$G$6+D41)*(chem!$I$6+D39)*(chem!$K$6+results!D43))) -> 2.2642405e-10 | O49: =ABS(E49-chem!$E$6*E41*E39*chem!$K$6/((chem!$G$6+E41)*(chem!$I$6+E39)*(chem!$K$6+results!E43))) -> 6.5639762e-11 | P49: =ABS(F49-chem!$E$6*F41*F39*chem!$K$6/((chem!$G$6+F41)*(chem!$I$6+F39)*(chem!$K$6+results!F43))) -> 1.2238825e-10 | Q49: =ABS(G49-chem!$E$6*G41*G39*chem!$K$6/((chem!$G$6+G41)*(chem!$I$6+G39)*(chem!$K$6+results!G43))) -> 4.8820277e-11 | R49: =ABS(H49-chem!$E$6*H41*H39*chem!$K$6/((chem!$G$6+H41)*(chem!$I$6+H39)*(chem!$K$6+results!H43))) -> 1.3764334e-11 | S49: =ABS(I49-chem!$E$6*I41*I39*chem!$K$6/((chem!$G$6+I41)*(chem!$I$6+I39)*(chem!$K$6+results!I43))) -> 5.1877637e-11 | ... U49: =ABS(K49-chem!$E$6*K41*K39*chem!$K$6/((chem!$G$6+K41)*(chem!$I$6+K39)*(chem!$K$6+results!K43))) -> 3.605804e-11
A50: =A35 -> aq species conc | B50: t=0.1d | L50: error abs
A51: ='wat types'!$A$2 -> h2o(p) | B51: 55.5556 | C51: 55.5556 | D51: 55.5556 | E51: 55.5556 | F51: 55.5556 | G51: 55.5556 | H51: 55.5556 | I51: 55.5556 | J51: 55.5556 | K51: 55.5556
A52: ='wat types'!$A$3 -> h+ | B52: 6.66518e-05 | C52: 4.3224e-05 | D52: 2.58449e-05 | E52: 1.45849e-05 | F52: 7.98804e-06 | G52: 4.41672e-06 | H52: 2.60482e-06 | I52: 1.73756e-06 | J52: 1.34904e-06 | K52: 1.20155e-06
A53: ='wat types'!$A$4 -> cl- | B53: 0.000165601 | C53: 0.000104407 | D53: 6.15651e-05 | E53: 3.41091e-05 | F53: 1.78538e-05 | G53: 8.87988e-06 | H53: 4.2223e-06 | I53: 1.93838e-06 | J53: 8.90382e-07 | K53: 4.85052e-07
A54: ='wat types'!$A$5 -> no3- | B54: 7.49065e-05 | C54: 4.71635e-05 | D54: 3.15582e-05 | E54: 2.20239e-05 | F54: 1.61011e-05 | G54: 1.25601e-05 | H54: 1.05747e-05 | I54: 9.53744e-06 | J54: 9.0383e-06 | K54: 8.83917e-06
A55: ='wat types'!$A$6 -> n2(aq)(p) | B55: 4.95192e-05 | C55: 3.30996e-05 | D55: 1.96956e-05 | E55: 1.08721e-05 | F55: 5.7871e-06 | G55: 3.11549e-06 | H55: 1.8027e-06 | I55: 1.19078e-06 | J55: 9.21592e-07 | K55: 8.20517e-07
A56: ='wat types'!$A$7 -> ch2o(aq) | B56: 0.000173133 | C56: 0.000107755 | D56: 6.67794e-05 | E56: 4.11092e-05 | F56: 2.55655e-05 | G56: 1.66459e-05 | H56: 1.18322e-05 | I56: 9.39217e-06 | J56: 8.24359e-06 | K56: 7.79177e-06
A57: ='wat types'!$A$8 -> hco3- | B57: 0.00109065 | C57: 0.00106242 | D57: 0.00103786 | E57: 0.00102153 | F57: 0.00101221 | G57: 0.0010074 | H57: 0.00100508 | I57: 0.00100401 | J57: 0.00100355 | K57: 0.00100338
A58: ='wat types'!$A$9 -> o2(aq) | B58: 1.07488e-07 | C58: 3.92331e-08 | D58: 1.50428e-08 | E58: 5.95402e-09 | F58: 2.38208e-09 | G58: 9.30802e-10 | H58: 3.41951e-10 | I58: 1.15887e-10 | J58: 3.70451e-11 | K58: 1.35391e-11
A59: ='wat types'!$A$10 -> co3-2 | B59: 7.67491e-10 | C59: 1.15285e-09 | D59: 1.8835e-09 | E59: 3.28509e-09 | F59: 5.94332e-09 | G59: 1.06979e-08 | H59: 1.80976e-08 | I59: 2.71019e-08 | J59: 3.48911e-08 | K59: 3.91673e-08
A60: r_eq
A61: co3-2 | B61: -7.8613e-06 | C61: -1.91703e-06 | D61: -5.23095e-07 | E61: -2.33116e-07 | F61: -2.41111e-07 | G61: -3.32145e-07 | H61: -3.93807e-07 | I61: -3.5299e-07 | J61: -2.49549e-07 | K61: -1.76639e-07 | L61: =ABS(1-B52*B59/(B57*chem!$L$29)) -> 5.2915572e-07 | M61: =ABS(1-C52*C59/(C57*chem!$L$29)) -> 3.5016927e-06 | N61: =ABS(1-D52*D59/(D57*chem!$L$29)) -> 3.9292781e-06 | O61: =ABS(1-E52*E59/(E57*chem!$L$29)) -> 9.1507269e-07 | P61: =ABS(1-F52*F59/(F57*chem!$L$29)) -> 2.9437801e-06 | Q61: =ABS(1-G52*G59/(G57*chem!$L$29)) -> 8.1620211e-06 | R61: =ABS(1-H52*H59/(H57*chem!$L$29)) -> 4.4400105e-06 | S61: =ABS(1-I52*I59/(I57*chem!$L$29)) -> 3.4775789e-06 | ... U61: =ABS(1-K52*K59/(K57*chem!$L$29)) -> 9.6924417e-08
A62: rk
A63: oxid aer | B63: 0.000784725 | C63: 0.00019007 | D63: 4.70124e-05 | E63: 1.1748e-05 | F63: 2.96833e-06 | G63: 7.61947e-07 | H63: 1.99929e-07 | I63: 5.39144e-08 | J63: 1.51443e-08 | K63: 5.23388e-09 | L63: =ABS(B63-chem!$E$5*B56*B58/((chem!$G$5+B56)*(chem!$I$5+B58))) -> 3.3721056e-09 | M63: =ABS(C63-chem!$E$5*C56*C58/((chem!$G$5+C56)*(chem!$I$5+C58))) -> 9.7550418e-10 | N63: =ABS(D63-chem!$E$5*D56*D58/((chem!$G$5+D56)*(chem!$I$5+D58))) -> 1.4565144e-10 | O63: =ABS(E63-chem!$E$5*E56*E58/((chem!$G$5+E56)*(chem!$I$5+E58))) -> 1.6064621e-11 | P63: =ABS(F63-chem!$E$5*F56*F58/((chem!$G$5+F56)*(chem!$I$5+F58))) -> 1.10299e-11 | Q63: =ABS(G63-chem!$E$5*G56*G58/((chem!$G$5+G56)*(chem!$I$5+G58))) -> 5.3673473e-13 | R63: =ABS(H63-chem!$E$5*H56*H58/((chem!$G$5+H56)*(chem!$I$5+H58))) -> 1.1237855e-13 | S63: =ABS(I63-chem!$E$5*I56*I58/((chem!$G$5+I56)*(chem!$I$5+I58))) -> 1.1527917e-13 | ... U63: =ABS(K63-chem!$E$5*K56*K58/((chem!$G$5+K56)*(chem!$I$5+K58))) -> 9.25762e-15
A64: denit | B64: 0.00274779 | C64: 0.00113176 | D64: 0.000484164 | E64: 0.000212125 | F64: 9.76056e-05 | G64: 4.99204e-05 | H64: 2.99877e-05 | I64: 2.151e-05 | J64: 1.79076e-05 | K64: 1.65591e-05 | L64: =ABS(B64-chem!$E$6*B56*B54*chem!$K$6/((chem!$G$6+B56)*(chem!$I$6+B54)*(chem!$K$6+results!B58))) -> 4.8264083e-09 | M64: =ABS(C64-chem!$E$6*C56*C54*chem!$K$6/((chem!$G$6+C56)*(chem!$I$6+C54)*(chem!$K$6+results!C58))) -> 7.4099449e-09 | N64: =ABS(D64-chem!$E$6*D56*D54*chem!$K$6/((chem!$G$6+D56)*(chem!$I$6+D54)*(chem!$K$6+results!D58))) -> 5.893725e-10 | O64: =ABS(E64-chem!$E$6*E56*E54*chem!$K$6/((chem!$G$6+E56)*(chem!$I$6+E54)*(chem!$K$6+results!E58))) -> 8.5317227e-10 | P64: =ABS(F64-chem!$E$6*F56*F54*chem!$K$6/((chem!$G$6+F56)*(chem!$I$6+F54)*(chem!$K$6+results!F58))) -> 2.8863308e-10 | Q64: =ABS(G64-chem!$E$6*G56*G54*chem!$K$6/((chem!$G$6+G56)*(chem!$I$6+G54)*(chem!$K$6+results!G58))) -> 6.9067565e-11 | R64: =ABS(H64-chem!$E$6*H56*H54*chem!$K$6/((chem!$G$6+H56)*(chem!$I$6+H54)*(chem!$K$6+results!H58))) -> 1.1802455e-10 | S64: =ABS(I64-chem!$E$6*I56*I54*chem!$K$6/((chem!$G$6+I56)*(chem!$I$6+I54)*(chem!$K$6+results!I58))) -> 4.3700089e-13 | ... U64: =ABS(K64-chem!$E$6*K56*K54*chem!$K$6/((chem!$G$6+K56)*(chem!$I$6+K54)*(chem!$K$6+results!K58))) -> 2.0295812e-12
A65: =A50 -> aq species conc | B65: t=1d | L65: error abs
A66: ='wat types'!$A$2 -> h2o(p) | B66: 55.5556 | C66: 55.5556 | D66: 55.5556 | E66: 55.5556 | F66: 55.5556 | G66: 55.5556 | H66: 55.5556 | I66: 55.5556 | J66: 55.5556 | K66: 55.5556
A67: ='wat types'!$A$3 -> h+ | B67: 0.000250811 | C67: 0.000235063 | D67: 0.000216915 | E67: 0.000198565 | F67: 0.000181182 | G67: 0.000165503 | H67: 0.000152075 | I67: 0.000141364 | J67: 0.000133803 | K67: 0.000129813
A68: ='wat types'!$A$4 -> cl- | B68: 0.000522053 | C68: 0.000477799 | D68: 0.000435483 | E68: 0.000395808 | F68: 0.000359495 | G68: 0.000327284 | H68: 0.000299931 | I68: 0.00027821 | J68: 0.000262912 | K68: 0.000254847
A69: ='wat types'!$A$5 -> no3- | B69: 4.74954e-05 | C69: 2.2647e-05 | D69: 1.11162e-05 | E69: 5.60782e-06 | F69: 2.90869e-06 | G69: 1.55216e-06 | H69: 8.53992e-07 | I69: 4.89319e-07 | J69: 3.0268e-07 | K69: 2.22211e-07
A70: ='wat types'!$A$6 -> n2(aq)(p) | B70: 0.000239669 | C70: 0.000230187 | D70: 0.000215006 | E70: 0.000198121 | F70: 0.000181496 | G70: 0.000166229 | H70: 0.000153039 | I70: 0.000142469 | J70: 0.00013499 | K70: 0.000131038
A71: ='wat types'!$A$7 -> ch2o(aq) | B71: 0.00031725 | C71: 0.00026399 | D71: 0.000228383 | E71: 0.000201634 | F71: 0.000180082 | G71: 0.000162263 | H71: 0.000147699 | I71: 0.00013637 | J71: 0.000128479 | K71: 0.000124342
A72: ='wat types'!$A$8 -> hco3- | B72: 0.00149178 | C72: 0.00147735 | D72: 0.00144823 | E72: 0.00141429 | F72: 0.00138029 | G72: 0.00134884 | H72: 0.00132156 | I72: 0.00129967 | J72: 0.00128416 | K72: 0.00127596
A73: ='wat types'!$A$9 -> o2(aq) | B73: 6.56295e-08 | C73: 1.82048e-08 | D73: 5.02658e-09 | E73: 1.377e-09 | F73: 3.75114e-10 | G73: 1.01686e-10 | H73: 2.73818e-11 | I73: 7.29893e-12 | J73: 1.93467e-12 | K73: 5.96355e-13
A74: ='wat types'!$A$10 -> co3-2 | B74: 2.78971e-10 | C74: 2.94781e-10 | D74: 3.13146e-10 | E74: 3.34068e-10 | F74: 3.57318e-10 | G74: 3.82256e-10 | H74: 4.07596e-10 | I74: 4.31213e-10 | J74: 4.50144e-10 | K74: 4.6102e-10
A75: r_eq
A76: co3-2 | B76: -7.8399e-06 | C76: -1.88548e-06 | D76: -4.6158e-07 | E76: -1.13583e-07 | F76: -2.80864e-08 | G76: -7.04742e-09 | H76: -1.8495e-09 | I76: -5.36075e-10 | J76: -1.75487e-10 | K76: -6.74263e-11 | L76: =ABS(1-B67*B74/(B72*chem!$L$29)) -> 1.9769947e-06 | M76: =ABS(1-C67*C74/(C72*chem!$L$29)) -> 8.423903e-07 | N76: =ABS(1-D67*D74/(D72*chem!$L$29)) -> 2.500326e-06 | O76: =ABS(1-E67*E74/(E72*chem!$L$29)) -> 2.0572618e-06 | P76: =ABS(1-F67*F74/(F72*chem!$L$29)) -> 9.1589225e-07 | Q76: =ABS(1-G67*G74/(G72*chem!$L$29)) -> 5.8744914e-07 | R76: =ABS(1-H67*H74/(H72*chem!$L$29)) -> 1.9645899e-06 | S76: =ABS(1-I67*I74/(I72*chem!$L$29)) -> 5.5807452e-06 | ... U76: =ABS(1-K67*K74/(K72*chem!$L$29)) -> 2.0564811e-06
A77: rk
A78: oxid aer | B78: 0.000785166 | C78: 0.000189763 | D78: 4.6704e-05 | E78: 1.15515e-05 | F78: 2.86204e-06 | G78: 7.0981e-07 | H78: 1.76189e-07 | I78: 4.37955e-08 | J78: 1.10133e-08 | K78: 3.29757e-09 | L78: =ABS(B78-chem!$E$5*B71*B73/((chem!$G$5+B71)*(chem!$I$5+B73))) -> 1.7659821e-10 | M78: =ABS(C78-chem!$E$5*C71*C73/((chem!$G$5+C71)*(chem!$I$5+C73))) -> 7.3793038e-10 | N78: =ABS(D78-chem!$E$5*D71*D73/((chem!$G$5+D71)*(chem!$I$5+D73))) -> 2.7408177e-11 | O78: =ABS(E78-chem!$E$5*E71*E73/((chem!$G$5+E71)*(chem!$I$5+E73))) -> 7.1243141e-11 | P78: =ABS(F78-chem!$E$5*F71*F73/((chem!$G$5+F71)*(chem!$I$5+F73))) -> 3.9084408e-12 | Q78: =ABS(G78-chem!$E$5*G71*G73/((chem!$G$5+G71)*(chem!$I$5+G73))) -> 4.4574795e-13 | R78: =ABS(H78-chem!$E$5*H71*H73/((chem!$G$5+H71)*(chem!$I$5+H73))) -> 6.3701747e-13 | S78: =ABS(I78-chem!$E$5*I71*I73/((chem!$G$5+I71)*(chem!$I$5+I73))) -> 1.5351964e-13 | ... U78: =ABS(K78-chem!$E$5*K71*K73/((chem!$G$5+K71)*(chem!$I$5+K73))) -> 1.7792233e-15
A79: denit | B79: 0.00294297 | C79: 0.0012124 | D79: 0.000527398 | E79: 0.000239076 | F79: 0.000112317 | G79: 5.4634e-05 | H79: 2.76223e-05 | I79: 1.47217e-05 | J79: 8.62408e-06 | K79: 6.14416e-06 | L79: =ABS(B79-chem!$E$6*B71*B69*chem!$K$6/((chem!$G$6+B71)*(chem!$I$6+B69)*(chem!$K$6+results!B73))) -> 8.0407459e-10 | M79: =ABS(C79-chem!$E$6*C71*C69*chem!$K$6/((chem!$G$6+C71)*(chem!$I$6+C69)*(chem!$K$6+results!C73))) -> 5.6859889e-09 | N79: =ABS(D79-chem!$E$6*D71*D69*chem!$K$6/((chem!$G$6+D71)*(chem!$I$6+D69)*(chem!$K$6+results!D73))) -> 1.2544425e-09 | O79: =ABS(E79-chem!$E$6*E71*E69*chem!$K$6/((chem!$G$6+E71)*(chem!$I$6+E69)*(chem!$K$6+results!E73))) -> 1.2804447e-10 | P79: =ABS(F79-chem!$E$6*F71*F69*chem!$K$6/((chem!$G$6+F71)*(chem!$I$6+F69)*(chem!$K$6+results!F73))) -> 2.2826439e-11 | Q79: =ABS(G79-chem!$E$6*G71*G69*chem!$K$6/((chem!$G$6+G71)*(chem!$I$6+G69)*(chem!$K$6+results!G73))) -> 1.0518742e-10 | R79: =ABS(H79-chem!$E$6*H71*H69*chem!$K$6/((chem!$G$6+H71)*(chem!$I$6+H69)*(chem!$K$6+results!H73))) -> 2.0829115e-11 | S79: =ABS(I79-chem!$E$6*I71*I69*chem!$K$6/((chem!$G$6+I71)*(chem!$I$6+I69)*(chem!$K$6+results!I73))) -> 3.4588026e-11 | ... U79: =ABS(K79-chem!$E$6*K71*K69*chem!$K$6/((chem!$G$6+K71)*(chem!$I$6+K69)*(chem!$K$6+results!K73))) -> 1.2330708e-12
A80: aq species conc | B80: t=5d | L80: error abs
A81: ='wat types'!$A$2 -> h2o(p) | B81: 55.5556 | C81: 55.5556 | D81: 55.5556 | E81: 55.5556 | F81: 55.5556 | G81: 55.5556 | H81: 55.5556 | I81: 55.5556 | J81: 55.5556 | K81: 55.5556
A82: ='wat types'!$A$3 -> h+ | B82: 0.000455052 | C82: 0.000456913 | D82: 0.000455752 | E82: 0.000453521 | F82: 0.000451031 | G82: 0.000448645 | H82: 0.000446549 | I82: 0.000444856 | J82: 0.000443653 | K82: 0.000443016
A83: ='wat types'!$A$4 -> cl- | B83: 0.00092641 | C83: 0.00091957 | D83: 0.000913001 | E83: 0.000906812 | F83: 0.000901119 | G83: 0.000896045 | H83: 0.000891717 | I83: 0.000888268 | J83: 0.000885831 | K83: 0.000884545
A84: ='wat types'!$A$5 -> no3- | B84: 3.49591e-05 | C84: 1.40518e-05 | D84: 5.66469e-06 | E84: 2.28529e-06 | F84: 9.22598e-07 | G84: 3.72787e-07 | H84: 1.50853e-07 | I84: 6.14082e-08 | J84: 2.59131e-08 | K84: 1.34047e-08
A85: ='wat types'!$A$6 -> n2(aq)(p) | B85: 0.000446093 | C85: 0.000453161 | D85: 0.000454103 | E85: 0.000452729 | F85: 0.000450593 | G85: 0.000448356 | H85: 0.000446325 | I85: 0.000444662 | J85: 0.000443473 | K85: 0.000442843
A86: ='wat types'!$A$7 -> ch2o(aq) | B86: 0.000503963 | C86: 0.00047437 | D86: 0.000460589 | E86: 0.000453264 | F86: 0.000448711 | G86: 0.000445484 | H86: 0.00044304 | I86: 0.000441202 | J86: 0.000439938 | K86: 0.000439278
A87: ='wat types'!$A$8 -> hco3- | B87: 0.0019236 | C87: 0.00194273 | D87: 0.00194646 | E87: 0.00194432 | F87: 0.00194017 | G87: 0.00193563 | H87: 0.00193146 | I87: 0.00192802 | J87: 0.00192555 | K87: 0.00192425
A88: ='wat types'!$A$9 -> o2(aq) | B88: 4.7104e-08 | C88: 1.18008e-08 | D88: 2.9555e-09 | E88: 7.37157e-10 | F88: 1.83347e-10 | G88: 4.55278e-11 | H88: 1.12933e-11 | I88: 2.80051e-12 | J88: 7.01271e-13 | K88: 2.0859e-13
A89: ='wat types'!$A$10 -> co3-2 | B89: 1.98268e-10 | C89: 1.99425e-10 | D89: 2.00317e-10 | E89: 2.01081e-10 | F89: 2.01759e-10 | G89: 2.02358e-10 | H89: 2.02869e-10 | I89: 2.03279e-10 | J89: 2.03569e-10 | K89: 2.03724e-10
A90: r_eq
A91: co3-2 | B91: -7.83962e-06 | C91: -1.8853e-06 | D91: -4.6141e-07 | E91: -1.13406e-07 | F91: -2.79019e-08 | G91: -6.86668e-09 | H91: -1.6901e-09 | I91: -4.16261e-10 | J91: -1.03613e-10 | K91: -3.0649e-11 | L91: =ABS(1-B82*B89/(B87*chem!$L$29)) -> 2.5678319e-06 | M91: =ABS(1-C82*C89/(C87*chem!$L$29)) -> 1.5398156e-06 | N91: =ABS(1-D82*D89/(D87*chem!$L$29)) -> 2.089137e-06 | O91: =ABS(1-E82*E89/(E87*chem!$L$29)) -> 1.5990074e-06 | P91: =ABS(1-F82*F89/(F87*chem!$L$29)) -> 1.0953923e-06 | Q91: =ABS(1-G82*G89/(G87*chem!$L$29)) -> 1.9938572e-06 | R91: =ABS(1-H82*H89/(H87*chem!$L$29)) -> 2.0927355e-06 | S91: =ABS(1-I82*I89/(I87*chem!$L$29)) -> 9.9799718e-07 | ... U91: =ABS(1-K82*K89/(K87*chem!$L$29)) -> 2.5556486e-07
A92: rk
A93: oxid aer | B93: 0.000785504 | C93: 0.000189619 | D93: 4.65863e-05 | E93: 1.14949e-05 | F93: 2.83937e-06 | G93: 7.01558e-07 | H93: 1.73363e-07 | I93: 4.28667e-08 | J93: 1.07128e-08 | K93: 3.18315e-09 | L93: =ABS(B93-chem!$E$5*B86*B88/((chem!$G$5+B86)*(chem!$I$5+B88))) -> 9.9700118e-12 | M93: =ABS(C93-chem!$E$5*C86*C88/((chem!$G$5+C86)*(chem!$I$5+C88))) -> 8.1532022e-10 | N93: =ABS(D93-chem!$E$5*D86*D88/((chem!$G$5+D86)*(chem!$I$5+D88))) -> 5.539691e-12 | O93: =ABS(E93-chem!$E$5*E86*E88/((chem!$G$5+E86)*(chem!$I$5+E88))) -> 1.325273e-11 | P93: =ABS(F93-chem!$E$5*F86*F88/((chem!$G$5+F86)*(chem!$I$5+F88))) -> 7.7202815e-12 | Q93: =ABS(G93-chem!$E$5*G86*G88/((chem!$G$5+G86)*(chem!$I$5+G88))) -> 1.0947467e-13 | R93: =ABS(H93-chem!$E$5*H86*H88/((chem!$G$5+H86)*(chem!$I$5+H88))) -> 5.8518353e-13 | S93: =ABS(I93-chem!$E$5*I86*I88/((chem!$G$5+I86)*(chem!$I$5+I88))) -> 4.1925986e-14 | ... U93: =ABS(K93-chem!$E$5*K86*K88/((chem!$G$5+K86)*(chem!$I$5+K88))) -> 8.3651216e-15
A94: denit | B94: 0.00311245 | C94: 0.00120209 | D94: 0.000474842 | E94: 0.000189388 | F94: 7.58957e-05 | G94: 3.05023e-05 | H94: 1.22922e-05 | I94: 4.9881e-06 | J94: 2.10031e-06 | K94: 1.08524e-06 | L94: =ABS(B94-chem!$E$6*B86*B84*chem!$K$6/((chem!$G$6+B86)*(chem!$I$6+B84)*(chem!$K$6+results!B88))) -> 5.4096805e-09 | M94: =ABS(C94-chem!$E$6*C86*C84*chem!$K$6/((chem!$G$6+C86)*(chem!$I$6+C84)*(chem!$K$6+results!C88))) -> 4.3959282e-09 | N94: =ABS(D94-chem!$E$6*D86*D84*chem!$K$6/((chem!$G$6+D86)*(chem!$I$6+D84)*(chem!$K$6+results!D88))) -> 4.5265587e-10 | O94: =ABS(E94-chem!$E$6*E86*E84*chem!$K$6/((chem!$G$6+E86)*(chem!$I$6+E84)*(chem!$K$6+results!E88))) -> 4.6576235e-11 | P94: =ABS(F94-chem!$E$6*F86*F84*chem!$K$6/((chem!$G$6+F86)*(chem!$I$6+F84)*(chem!$K$6+results!F88))) -> 9.3205962e-12 | Q94: =ABS(G94-chem!$E$6*G86*G84*chem!$K$6/((chem!$G$6+G86)*(chem!$I$6+G84)*(chem!$K$6+results!G88))) -> 1.7082182e-11 | R94: =ABS(H94-chem!$E$6*H86*H84*chem!$K$6/((chem!$G$6+H86)*(chem!$I$6+H84)*(chem!$K$6+results!H88))) -> 2.2745474e-11 | S94: =ABS(I94-chem!$E$6*I86*I84*chem!$K$6/((chem!$G$6+I86)*(chem!$I$6+I84)*(chem!$K$6+results!I88))) -> 7.6500751e-12 | ... U94: =ABS(K94-chem!$E$6*K86*K84*chem!$K$6/((chem!$G$6+K86)*(chem!$I$6+K84)*(chem!$K$6+results!K88))) -> 9.4219805e-13

Sheet figures
